Kialakítás,SIM kártya típusa,Processzor típusa,Processzormagok száma,Processzor sebessége,RAM,Belső memória mérete,Memória bővíthető,URL,Operációs rendszer,Memóriakártya típusa,Kijelzők száma,Kijelző mérete,Kijelző felbontása,Kijelző technológia
Összecsukható,nano-SIM és eSIM,SoC/CPU: Qualcomm Snapdragon 8 Gen 3GPU: Adreno 750,8 magos,3.39 GHz,12 GB,1000 GB,,https://www.arukereso.hu/mobiltelefon-c3277/samsung/galaxy-z-fold6-5g-1tb-12gb-ram-dual-sm-f956b-p1102673305/#termek-leiras,,,,,,
Összecsukható,nano-SIM,SoC/CPU: Qualcomm Snapdragon 8+ Gen 1GPU: Adreno 730,8 magos,3.19 GHz,12 GB,512 GB,,https://www.arukereso.hu/mobiltelefon-c3277/samsung/galaxy-z-fold4-5g-512gb-12gb-ram-dual-f936-p841833195/#termek-leiras,,,,,,
Érintőképernyős,nano-SIM és eSIM,SoC/CPU: Google Tensor G4GPU: Mali-G715 MC7,8 magos,3.1 GHz,16 GB,1000 GB,,https://www.arukereso.hu/mobiltelefon-c3277/google/pixel-9-pro-xl-5g-1tb-16gb-ram-dual-p1114774993/#termek-leiras,,,,,,
Érintőképernyős,nano-SIM és eSIM,SoC/CPU: Apple A18 Pro,6 magos,4.04 GHz,8 GB,1000 GB,,https://www.arukereso.hu/mobiltelefon-c3277/apple/iphone-16-pro-max-1tb-p1121765629/#termek-leiras,,,,,,
Érintőképernyős,nano-SIM és eSIM,SoC/CPU: Apple A18 Pro,6 magos,4.04 GHz,8 GB,1000 GB,,https://www.arukereso.hu/mobiltelefon-c3277/apple/iphone-16-pro-1tb-p1121764885/#termek-leiras,,,,,,
Összecsukható,nano-SIM és eSIM,SoC/CPU: Qualcomm Snapdragon 8 Gen 2GPU: Adreno 740,8 magos,3.36 GHz,12 GB,1000 GB,,https://www.arukereso.hu/mobiltelefon-c3277/samsung/galaxy-z-fold5-5g-1tb-12gb-ram-dual-sm-f946b-p982757541/#termek-leiras,,,,,,
Érintőképernyős,nano-SIM és eSIM,SoC/CPU: Qualcomm Snapdragon 8 EliteGPU: Adreno 830,8 magos,4.47 GHz,12 GB,1000 GB,,https://www.arukereso.hu/mobiltelefon-c3277/samsung/galaxy-s25-ultra-5g-1tb-12gb-ram-dual-sm-s938-p1170025330/#termek-leiras,,,,,,
Érintőképernyős,nano-SIM és eSIM,SoC/CPU: Apple A18 Pro,6 magos,4.04 GHz,8 GB,512 GB,,https://www.arukereso.hu/mobiltelefon-c3277/apple/iphone-16-pro-max-512gb-p1121765542/#termek-leiras,,,,,,
Érintőképernyős,nano-SIM,SoC/CPU: HiSilicon Kirin 9010GPU: Maleoon 910,8 magos,2.3 GHz,16 GB,512 GB,,https://www.arukereso.hu/mobiltelefon-c3277/huawei/pura-70-ultra-5g-512gb-16gb-ram-dual-p1074162478/#termek-leiras,,,,,,
Érintőképernyős,nano-SIM és eSIM,SoC/CPU: Apple A18,6 magos,,8 GB,512 GB,,https://www.arukereso.hu/mobiltelefon-c3277/apple/iphone-16-plus-512gb-p1121764516/#termek-leiras,iOS,,,,,
Érintőképernyős,nano-SIM és eSIM,SoC/CPU: Apple A18 Pro,6 magos,4.04 GHz,8 GB,512 GB,,https://www.arukereso.hu/mobiltelefon-c3277/apple/iphone-16-pro-512gb-p1121764804/#termek-leiras,,,,,,
Érintőképernyős,nano-SIM és eSIM,SoC/CPU: Qualcomm Snapdragon 8 Gen 3GPU: Adreno 750,8 magos,3.39 GHz,12 GB,1000 GB,,https://www.arukereso.hu/mobiltelefon-c3277/samsung/galaxy-s24-ultra-5g-1tb-12gb-ram-dual-sm-s928b-p1038738886/#termek-leiras,,,,,,
Érintőképernyős,nano-SIM és eSIM,SoC/CPU: Apple A17 Pro,6 magos,3.78 GHz,8 GB,1000 GB,,https://www.arukereso.hu/mobiltelefon-c3277/apple/iphone-15-pro-max-1tb-p996937321/#termek-leiras,,,,,,
Összecsukható,nano-SIM és eSIM,SoC/CPU: Qualcomm Snapdragon 8 Gen 3GPU: Adreno 750,8 magos,3.39 GHz,12 GB,512 GB,,https://www.arukereso.hu/mobiltelefon-c3277/samsung/galaxy-z-fold6-5g-512gb-12gb-ram-dual-sm-f956b-p1102673284/#termek-leiras,,,,,,
Érintőképernyős,nano-SIM és eSIM,SoC/CPU: Apple A17 Pro,6 magos,3.78 GHz,8 GB,1000 GB,,https://www.arukereso.hu/mobiltelefon-c3277/apple/iphone-15-pro-1tb-p996937087/#termek-leiras,,,,,,
Érintőképernyős,nano-SIM és eSIM,SoC/CPU: Apple A17 Pro,6 magos,3.78 GHz,8 GB,512 GB,,https://www.arukereso.hu/mobiltelefon-c3277/apple/iphone-15-pro-512gb-p996937045/#termek-leiras,,,,,,
Érintőképernyős,nano-SIM,SoC/CPU: Qualcomm Snapdragon 8 Gen 3GPU: Adreno 750,8 magos,3.3 GHz,16 GB,512 GB,,https://www.arukereso.hu/mobiltelefon-c3277/asus/rog-phone-8-pro-5g-512gb-16gb-ram-dual-p1038216301/#termek-leiras,,,,,,
Összecsukható,nano-SIM és eSIM,SoC/CPU: Qualcomm Snapdragon 8 Gen 3GPU: Adreno 750,8 magos,3.39 GHz,12 GB,256 GB,,https://www.arukereso.hu/mobiltelefon-c3277/samsung/galaxy-z-fold6-5g-256gb-12gb-ram-dual-sm-f956b-p1102673215/#termek-leiras,,,,,,
Érintőképernyős,nano-SIM és eSIM,SoC/CPU: Qualcomm Snapdragon 8 EliteGPU: Adreno 830,8 magos,4.47 GHz,12 GB,512 GB,,https://www.arukereso.hu/mobiltelefon-c3277/samsung/galaxy-s25-ultra-5g-512gb-12gb-ram-dual-sm-s938-p1170025318/#termek-leiras,,,,,,
Érintőképernyős,nano-SIM és eSIM,SoC/CPU: Google Tensor G4GPU: Mali-G715 MC7,8 magos,3.1 GHz,16 GB,512 GB,,https://www.arukereso.hu/mobiltelefon-c3277/google/pixel-9-pro-xl-5g-512gb-16gb-ram-dual-p1114774369/#termek-leiras,,,,,,
Érintőképernyős,nano-SIM és eSIM,SoC/CPU: Qualcomm Snapdragon 8 EliteGPU: Adreno 830,8 magos,4.47 GHz,12 GB,256 GB,,https://www.arukereso.hu/mobiltelefon-c3277/samsung/galaxy-s25-ultra-5g-256gb-12gb-ram-dual-sm-s938-p1170025309/#termek-leiras,,,,,,
Érintőképernyős,nano-SIM és eSIM,SoC/CPU: Apple A18,6 magos,,8 GB,512 GB,,https://www.arukereso.hu/mobiltelefon-c3277/apple/iphone-16-512gb-p1121764174/#termek-leiras,iOS,,,,,
Érintőképernyős,nano-SIM és eSIM,SoC/CPU: Apple A18 Pro,6 magos,4.04 GHz,8 GB,256 GB,,https://www.arukereso.hu/mobiltelefon-c3277/apple/iphone-16-pro-max-256gb-p1121765077/#termek-leiras,,,,,,
Érintőképernyős,nano-SIM és eSIM,SoC/CPU: Qualcomm Snapdragon 8 EliteGPU: Adreno 830,8 magos,4.32 GHz,16 GB,512 GB,,https://www.arukereso.hu/mobiltelefon-c3277/oneplus/13-5g-512gb-16gb-ram-dual-p1160498788/#termek-leiras,,,,,,
Érintőképernyős,nano-SIM,SoC/CPU: Samsung Exynos 2200GPU: Xclipse 920,8 magos,2.8 GHz,12 GB,256 GB,,https://www.arukereso.hu/mobiltelefon-c3277/samsung/galaxy-s22-ultra-5g-256gb-12gb-ram-dual-sm-s908b-p766823799/#termek-leiras,,,,,,
Érintőképernyős,nano-SIM és eSIM,SoC/CPU: Apple A17 Pro,6 magos,3.78 GHz,8 GB,512 GB,,https://www.arukereso.hu/mobiltelefon-c3277/apple/iphone-15-pro-max-512gb-p996937291/#termek-leiras,,,,,,
Érintőképernyős,nano-SIM,SoC/CPU: Qualcomm Snapdragon 8 Gen 3GPU: Adreno 750,8 magos,3.3 GHz,12 GB,256 GB,,https://www.arukereso.hu/mobiltelefon-c3277/sony/xperia-1-vi-5g-256gb-12gb-ram-dual-p1080034564/#termek-leiras,,microSD,,,,
Összecsukható,nano-SIM és eSIM,SoC/CPU: Qualcomm Snapdragon 8 Gen 2GPU: Adreno 740,8 magos,3.36 GHz,12 GB,512 GB,,https://www.arukereso.hu/mobiltelefon-c3277/samsung/galaxy-z-fold5-5g-512gb-12gb-ram-dual-sm-f946b-p982757253/#termek-leiras,,,,,,
Érintőképernyős,nano-SIM és eSIM,SoC/CPU: Qualcomm Snapdragon 8 Gen 2GPU: Adreno 740,8 magos,3.36 GHz,12 GB,1000 GB,,https://www.arukereso.hu/mobiltelefon-c3277/samsung/galaxy-s23-ultra-5g-1tb-12gb-ram-dual-sm-s918-p915887316/#termek-leiras,,,,,,
Érintőképernyős,nano-SIM és eSIM,SoC/CPU: Apple A17 Pro,6 magos,3.78 GHz,8 GB,256 GB,,https://www.arukereso.hu/mobiltelefon-c3277/apple/iphone-15-pro-256gb-p996937021/#termek-leiras,,,,,,
Érintőképernyős,nano-SIM és eSIM,SoC/CPU: Apple A18 Pro,6 magos,4.04 GHz,8 GB,256 GB,,https://www.arukereso.hu/mobiltelefon-c3277/apple/iphone-16-pro-256gb-p1121764717/#termek-leiras,,,,,,
Érintőképernyős,nano-SIM és eSIM,SoC/CPU: Apple A17 Pro,6 magos,3.78 GHz,8 GB,128 GB,,https://www.arukereso.hu/mobiltelefon-c3277/apple/iphone-15-pro-128gb-p996937006/#termek-leiras,,,,,,
Érintőképernyős,nano-SIM,SoC/CPU: Samsung Exynos 2200GPU: Xclipse 920,8 magos,2.8 GHz,8 GB,128 GB,,https://www.arukereso.hu/mobiltelefon-c3277/samsung/galaxy-s22-ultra-5g-128gb-8gb-ram-dual-sm-s908b-p762924042/#termek-leiras,,,,,,
Érintőképernyős,nano-SIM és eSIM,SoC/CPU: Apple A17 Pro,6 magos,3.78 GHz,8 GB,256 GB,,https://www.arukereso.hu/mobiltelefon-c3277/apple/iphone-15-pro-max-256gb-p996937204/#termek-leiras,,,,,,
Érintőképernyős,nano-SIM és eSIM,SoC/CPU: Qualcomm Snapdragon 8 Gen 2GPU: Adreno 740,8 magos,3.2 GHz,12 GB,256 GB,,https://www.arukereso.hu/mobiltelefon-c3277/sony/xperia-1-v-5g-256gb-12gb-ram-dual-p967118736/#termek-leiras,,microSD,,,,
Érintőképernyős,nano-SIM és eSIM,SoC/CPU: Apple A16 Bionic,6 magos,3.46 GHz,6 GB,1000 GB,,https://www.arukereso.hu/mobiltelefon-c3277/apple/iphone-14-pro-1tb-p852585042/#termek-leiras,,,,,,
Összecsukható,nano-SIM és eSIM,SoC/CPU: Qualcomm Snapdragon 8 Gen 2GPU: Adreno 740,8 magos,3.36 GHz,12 GB,256 GB,,https://www.arukereso.hu/mobiltelefon-c3277/samsung/galaxy-z-fold5-5g-256gb-12gb-ram-dual-sm-f946b-p982757142/#termek-leiras,,,,,,
Érintőképernyős,nano-SIM és eSIM,SoC/CPU: Qualcomm Snapdragon 8 EliteGPU: Adreno 830,8 magos,4.47 GHz,12 GB,256 GB,,https://www.arukereso.hu/mobiltelefon-c3277/samsung/galaxy-s25-5g-256gb-12gb-ram-dual-sm-s936-p1170025150/#termek-leiras,,,,,,
Összecsukható,nano-SIM,SoC/CPU: Qualcomm Snapdragon 8+ Gen 1GPU: Adreno 730,8 magos,3.19 GHz,8 GB,256 GB,,https://www.arukereso.hu/mobiltelefon-c3277/samsung/galaxy-z-flip4-5g-256gb-8gb-ram-dual-f721-p841834017/#termek-leiras,,,,,,
Érintőképernyős,nano-SIM és eSIM,SoC/CPU: Apple A16 Bionic,6 magos,3.46 GHz,6 GB,512 GB,,https://www.arukereso.hu/mobiltelefon-c3277/apple/iphone-15-plus-512gb-p996936991/#termek-leiras,,,,,,
Érintőképernyős,nano-SIM és eSIM,SoC/CPU: Apple A16 Bionic,6 magos,3.46 GHz,6 GB,512 GB,,https://www.arukereso.hu/mobiltelefon-c3277/apple/iphone-15-512gb-p996936952/#termek-leiras,,,,,,
Érintőképernyős,nano-SIM és eSIM,SoC/CPU: Apple A16 Bionic,6 magos,3.46 GHz,6 GB,512 GB,,https://www.arukereso.hu/mobiltelefon-c3277/apple/iphone-14-pro-max-512gb-p852585303/#termek-leiras,,,,,,
Érintőképernyős,nano-SIM,SoC/CPU: Qualcomm Snapdragon 8 Gen 3GPU: Adreno 750,8 magos,3.3 GHz,16 GB,512 GB,,https://www.arukereso.hu/mobiltelefon-c3277/xiaomi/14-ultra-5g-512gb-16gb-ram-dual-p1052330467/#termek-leiras,,,,,,
Érintőképernyős,nano-SIM és eSIM,SoC/CPU: Apple A15 Bionic,6 magos,3.23 GHz,6 GB,512 GB,,https://www.arukereso.hu/mobiltelefon-c3277/apple/iphone-14-512gb-p852631131/#termek-leiras,,,,,,
Összecsukható,nano-SIM,SoC/CPU: Qualcomm Snapdragon 8+ Gen 1GPU: Adreno 730,8 magos,3.19 GHz,8 GB,128 GB,,https://www.arukereso.hu/mobiltelefon-c3277/samsung/galaxy-z-flip4-5g-128gb-8gb-ram-dual-f721-p841833855/#termek-leiras,,,,,,
Érintőképernyős,nano-SIM és eSIM,SoC/CPU: Apple A18,6 magos,,8 GB,256 GB,,https://www.arukereso.hu/mobiltelefon-c3277/apple/iphone-16-plus-256gb-p1121764462/#termek-leiras,iOS,,,,,
Érintőképernyős,nano-SIM és eSIM,SoC/CPU: Apple A18 Pro,6 magos,4.04 GHz,8 GB,128 GB,,https://www.arukereso.hu/mobiltelefon-c3277/apple/iphone-16-pro-128gb-p1121764603/#termek-leiras,,,,,,
Érintőképernyős,nano-SIM és eSIM,SoC/CPU: Qualcomm Snapdragon 8 EliteGPU: Adreno 830,8 magos,4.47 GHz,12 GB,512 GB,,https://www.arukereso.hu/mobiltelefon-c3277/samsung/galaxy-s25-5g-512gb-12gb-ram-dual-sm-s936-p1170025300/#termek-leiras,,,,,,
Érintőképernyős,nano-SIM és eSIM,SoC/CPU: Apple A16 Bionic,6 magos,3.46 GHz,6 GB,256 GB,,https://www.arukereso.hu/mobiltelefon-c3277/apple/iphone-14-pro-max-256gb-p852585255/#termek-leiras,,,,,,
Érintőképernyős,nano-SIM és eSIM,SoC/CPU: Google Tensor G4GPU: Mali-G715 MC7,8 magos,3.1 GHz,16 GB,256 GB,,https://www.arukereso.hu/mobiltelefon-c3277/google/pixel-9-pro-xl-5g-256gb-16gb-ram-dual-p1114774009/#termek-leiras,,,,,,
Érintőképernyős,nano-SIM,SoC/CPU: Samsung Exynos 2200GPU: Xclipse 920,8 magos,2.8 GHz,8 GB,128 GB,,https://www.arukereso.hu/mobiltelefon-c3277/samsung/galaxy-s22-5g-128gb-8gb-ram-dual-sm-s906b-p762924054/#termek-leiras,,,,,,
Összecsukható,nano-SIM,SoC/CPU: Qualcomm Snapdragon 8+ Gen 1GPU: Adreno 730,8 magos,3.19 GHz,12 GB,256 GB,,https://www.arukereso.hu/mobiltelefon-c3277/samsung/galaxy-z-fold4-5g-256gb-12gb-ram-dual-sm-f936-p841779084/#termek-leiras,,,,,,
Érintőképernyős,nano-SIM és eSIM,SoC/CPU: Qualcomm Snapdragon 8 Gen 3GPU: Adreno 750,8 magos,3.3 GHz,16 GB,512 GB,,https://www.arukereso.hu/mobiltelefon-c3277/oneplus/12-5g-512gb-16gb-ram-dual-p1032691768/#termek-leiras,,,,,,
Érintőképernyős,nano-SIM és eSIM,SoC/CPU: Qualcomm Snapdragon 8 Gen 2GPU: Adreno 740,8 magos,3.36 GHz,8 GB,256 GB,,https://www.arukereso.hu/mobiltelefon-c3277/samsung/galaxy-s23-ultra-5g-256gb-8gb-ram-dual-sm-s918b-p920648148/#termek-leiras,,,,,,
Érintőképernyős,nano-SIM és eSIM,SoC/CPU: Qualcomm Snapdragon 8 Gen 3GPU: Adreno 750,8 magos,3.39 GHz,12 GB,512 GB,,https://www.arukereso.hu/mobiltelefon-c3277/samsung/galaxy-s24-ultra-5g-512gb-12gb-ram-dual-sm-s928b-p1038738943/#termek-leiras,,,,,,
Érintőképernyős,nano-SIM és eSIM,SoC/CPU: Apple A16 Bionic,6 magos,3.46 GHz,6 GB,512 GB,,https://www.arukereso.hu/mobiltelefon-c3277/apple/iphone-14-pro-512gb-p852584964/#termek-leiras,,,,,,
Érintőképernyős,nano-SIM és eSIM,SoC/CPU: Apple A18,6 magos,,8 GB,128 GB,,https://www.arukereso.hu/mobiltelefon-c3277/apple/iphone-16-plus-128gb-p1121764243/#termek-leiras,iOS,,,,,
Összecsukható,nano-SIM és eSIM,SoC/CPU: Qualcomm Snapdragon 8 Gen 2GPU: Adreno 740,8 magos,3.2 GHz,8 GB,256 GB,,https://www.arukereso.hu/mobiltelefon-c3277/samsung/galaxy-z-flip5-5g-256gb-8gb-ram-dual-sm-f731b-p982756128/#termek-leiras,,,,,,
Érintőképernyős,nano-SIM,SoC/CPU: Samsung Exynos 2100GPU: Mali-G78 MP14,8 magos,2.9 GHz,12 GB,128 GB,,https://www.arukereso.hu/mobiltelefon-c3277/samsung/galaxy-s21-ultra-128gb-12gb-ram-dual-g998-p621996963/#termek-leiras,,,,,,
Érintőképernyős,nano-SIM és eSIM,SoC/CPU: Apple A16 Bionic,6 magos,3.46 GHz,6 GB,256 GB,,https://www.arukereso.hu/mobiltelefon-c3277/apple/iphone-15-plus-256gb-p996936982/#termek-leiras,,,,,,
Érintőképernyős,nano-SIM és eSIM,SoC/CPU: Apple A18,6 magos,,8 GB,256 GB,,https://www.arukereso.hu/mobiltelefon-c3277/apple/iphone-16-256gb-p1121764021/#termek-leiras,iOS,,,,,
Érintőképernyős,nano-SIM és eSIM,SoC/CPU: Qualcomm Snapdragon 8 Gen 2GPU: Adreno 740,8 magos,3.19 GHz,16 GB,512 GB,,https://www.arukereso.hu/mobiltelefon-c3277/honor/magic-v2-5g-512gb-16gb-ram-dual-p1044065605/#termek-leiras,,,,,,
Érintőképernyős,nano-SIM és eSIM,SoC/CPU: Google Tensor G4GPU: Mali-G715 MC7,8 magos,3.1 GHz,16 GB,128 GB,,https://www.arukereso.hu/mobiltelefon-c3277/google/pixel-9-pro-xl-5g-128gb-16gb-ram-dual-p1114773991/#termek-leiras,,,,,,
Összecsukható,nano-SIM és eSIM,SoC/CPU: Qualcomm Snapdragon 8 Gen 3GPU: Adreno 750,8 magos,3.3 GHz,12 GB,512 GB,,https://www.arukereso.hu/mobiltelefon-c3277/samsung/galaxy-z-flip6-5g-512gb-12gb-ram-dual-sm-f741b-p1102673581/#termek-leiras,,,,,,
Érintőképernyős,nano-SIM és eSIM,SoC/CPU: Apple A15 Bionic,6 magos,3.23 GHz,6 GB,256 GB,,https://www.arukereso.hu/mobiltelefon-c3277/apple/iphone-13-pro-max-256gb-p706181832/#termek-leiras,,,,,,
Érintőképernyős,nano-SIM és eSIM,SoC/CPU: Samsung Exynos 2400GPU: Xclipse 940,10 magos,3.3 GHz,12 GB,512 GB,,https://www.arukereso.hu/mobiltelefon-c3277/samsung/galaxy-s24-5g-512gb-12gb-ram-dual-sm-s926b-p1038739072/#termek-leiras,,,,,,
Érintőképernyős,nano-SIM és eSIM,SoC/CPU: Qualcomm Snapdragon 8 EliteGPU: Adreno 830,8 magos,4.47 GHz,12 GB,512 GB,,https://www.arukereso.hu/mobiltelefon-c3277/samsung/galaxy-s25-5g-512gb-12gb-ram-dual-sm-s931-p1170025129/#termek-leiras,,,,,,
Érintőképernyős,nano-SIM,SoC/CPU: Qualcomm Snapdragon 8 Gen 3GPU: Adreno 750,8 magos,3.3 GHz,16 GB,512 GB,,https://www.arukereso.hu/mobiltelefon-c3277/zte/nubia-z60-ultra-5g-512gb-16gb-ram-dual-p1040736601/#termek-leiras,,,,,,
Érintőképernyős,nano-SIM és eSIM,SoC/CPU: Qualcomm Snapdragon 8 Gen 3GPU: Adreno 750,8 magos,3.39 GHz,12 GB,256 GB,,https://www.arukereso.hu/mobiltelefon-c3277/samsung/galaxy-s24-ultra-5g-256gb-12gb-ram-dual-sm-s928b-p1038738604/#termek-leiras,,,,,,
Érintőképernyős,nano-SIM és eSIM,SoC/CPU: Google Tensor G4GPU: Mali-G715 MC7,8 magos,3.1 GHz,16 GB,128 GB,,https://www.arukereso.hu/mobiltelefon-c3277/google/pixel-9-pro-5g-128gb-16gb-ram-dual-p1114773970/#termek-leiras,,,,,,
Érintőképernyős,nano-SIM és eSIM,SoC/CPU: Qualcomm Snapdragon 8 EliteGPU: Adreno 830,8 magos,4.47 GHz,12 GB,128 GB,,https://www.arukereso.hu/mobiltelefon-c3277/samsung/galaxy-s25-5g-128gb-12gb-ram-dual-sm-s931-p1170024967/#termek-leiras,,,,,,
Érintőképernyős,nano-SIM és eSIM,SoC/CPU: Samsung Exynos 2400GPU: Xclipse 940,10 magos,3.3 GHz,12 GB,256 GB,,https://www.arukereso.hu/mobiltelefon-c3277/samsung/galaxy-s24-5g-256gb-12gb-ram-dual-sm-s926b-p1038739033/#termek-leiras,,,,,,
Összecsukható,nano-SIM és eSIM,SoC/CPU: Qualcomm Snapdragon 8s Gen 3GPU: Adreno 735,8 magos,3 GHz,12 GB,512 GB,,https://www.arukereso.hu/mobiltelefon-c3277/motorola/razr-50-ultra-5g-512gb-12gb-ram-dual-p1091759965/#termek-leiras,,,,,,
Érintőképernyős,nano-SIM és eSIM,SoC/CPU: Apple A16 Bionic,6 magos,3.46 GHz,6 GB,256 GB,,https://www.arukereso.hu/mobiltelefon-c3277/apple/iphone-15-256gb-p996936895/#termek-leiras,,,,,,
Érintőképernyős,nano-SIM,SoC/CPU: Qualcomm Snapdragon 8 Gen 3GPU: Adreno 750,8 magos,3.3 GHz,12 GB,512 GB,,https://www.arukereso.hu/mobiltelefon-c3277/honor/magic6-pro-5g-512gb-12gb-ram-dual-p1052330362/#termek-leiras,,,,,,
Érintőképernyős,nano-SIM és eSIM,SoC/CPU: Apple A16 Bionic,6 magos,3.46 GHz,6 GB,128 GB,,https://www.arukereso.hu/mobiltelefon-c3277/apple/iphone-15-plus-128gb-p996936973/#termek-leiras,,,,,,
Érintőképernyős,nano-SIM és eSIM,SoC/CPU: Qualcomm Snapdragon 8 EliteGPU: Adreno 830,8 magos,4.47 GHz,12 GB,256 GB,,https://www.arukereso.hu/mobiltelefon-c3277/samsung/galaxy-s25-5g-256gb-12gb-ram-dual-sm-s931-p1170025066/#termek-leiras,,,,,,
Érintőképernyős,nano-SIM és eSIM,SoC/CPU: Apple A18,6 magos,,8 GB,128 GB,,https://www.arukereso.hu/mobiltelefon-c3277/apple/iphone-16-128gb-p1121763568/#termek-leiras,iOS,,,,,
Összecsukható,nano-SIM és eSIM,SoC/CPU: Qualcomm Snapdragon 8 Gen 3GPU: Adreno 750,8 magos,3.3 GHz,12 GB,256 GB,,https://www.arukereso.hu/mobiltelefon-c3277/samsung/galaxy-z-flip6-5g-256gb-12gb-ram-dual-sm-f741b-p1102673530/#termek-leiras,,,,,,
Összecsukható,nano-SIM és eSIM,SoC/CPU: Qualcomm Snapdragon 8 Gen 2GPU: Adreno 740,8 magos,3.2 GHz,8 GB,512 GB,,https://www.arukereso.hu/mobiltelefon-c3277/samsung/galaxy-z-flip5-5g-512gb-8gb-ram-dual-sm-f731b-p982756515/#termek-leiras,,,,,,
Érintőképernyős,nano-SIM és eSIM,SoC/CPU: Google Tensor G4GPU: Mali-G715 MC7,8 magos,3.1 GHz,12 GB,256 GB,,https://www.arukereso.hu/mobiltelefon-c3277/google/pixel-9-5g-256gb-12gb-ram-dual-p1114773967/#termek-leiras,,,,,,
Érintőképernyős,nano-SIM és eSIM,SoC/CPU: Apple A15 Bionic,6 magos,3.23 GHz,6 GB,512 GB,,https://www.arukereso.hu/mobiltelefon-c3277/apple/iphone-14-plus-512gb-p852631899/#termek-leiras,,,,,,
Érintőképernyős,nano-SIM és eSIM,SoC/CPU: Apple A15 Bionic,6 magos,3.23 GHz,6 GB,128 GB,,https://www.arukereso.hu/mobiltelefon-c3277/apple/iphone-13-pro-max-128gb-p706181823/#termek-leiras,,,,,,
Érintőképernyős,nano-SIM és eSIM,SoC/CPU: Qualcomm Snapdragon 8 Gen 3GPU: Adreno 750,8 magos,3.3 GHz,12 GB,512 GB,,https://www.arukereso.hu/mobiltelefon-c3277/xiaomi/14-5g-512gb-12gb-ram-dual-p1052026249/#termek-leiras,,,,,,
Érintőképernyős,nano-SIM és eSIM,SoC/CPU: Samsung Exynos 2400eGPU: Samsung Xclipse 940,10 magos,3.11 GHz,8 GB,256 GB,,https://www.arukereso.hu/mobiltelefon-c3277/samsung/galaxy-s24-fe-5g-256gb-8gb-ram-sm-s721b-p1130866534/#termek-leiras,,,,,,
Érintőképernyős,nano-SIM és eSIM,SoC/CPU: Apple A15 Bionic,6 magos,3.23 GHz,6 GB,256 GB,,https://www.arukereso.hu/mobiltelefon-c3277/apple/iphone-14-plus-256gb-p852631788/#termek-leiras,,,,,,
Érintőképernyős,nano-SIM és eSIM,SoC/CPU: Apple A15 Bionic,6 magos,3.23 GHz,6 GB,256 GB,,https://www.arukereso.hu/mobiltelefon-c3277/apple/iphone-14-256gb-p852630852/#termek-leiras,,,,,,
Érintőképernyős,nano-SIM,SoC/CPU: Qualcomm Snapdragon 888GPU: Adreno 660,8 magos,2.84 GHz,8 GB,256 GB,,https://www.arukereso.hu/mobiltelefon-c3277/samsung/galaxy-s21-fe-5g-256gb-8gb-ram-dual-sm-g990b-p755184186/#termek-leiras,,,,,,
Érintőképernyős,nano-SIM és eSIM,SoC/CPU: Apple A15 Bionic,6 magos,3.23 GHz,4 GB,256 GB,,https://www.arukereso.hu/mobiltelefon-c3277/apple/iphone-13-256gb-p706181778/#termek-leiras,,,,,,
Érintőképernyős,nano-SIM és eSIM,SoC/CPU: Apple A16 Bionic,6 magos,3.46 GHz,6 GB,128 GB,,https://www.arukereso.hu/mobiltelefon-c3277/apple/iphone-15-128gb-p996936880/#termek-leiras,,,,,,
Érintőképernyős,nano-SIM és eSIM,SoC/CPU: Apple A15 Bionic,6 magos,3.23 GHz,4 GB,256 GB,,https://www.arukereso.hu/mobiltelefon-c3277/apple/iphone-13-mini-256gb-p706181742/#termek-leiras,,,,,,
Érintőképernyős,nano-SIM,SoC/CPU: Qualcomm Snapdragon 8 Gen 2GPU: Adreno 740,8 magos,3.2 GHz,12 GB,512 GB,,https://www.arukereso.hu/mobiltelefon-c3277/honor/magic5-pro-5g-512gb-12gb-ram-dual-p945752337/#termek-leiras,,,,,,
Érintőképernyős,nano-SIM és eSIM,SoC/CPU: Qualcomm Snapdragon 8 Gen 3GPU: Adreno 750,8 magos,3.3 GHz,12 GB,256 GB,,https://www.arukereso.hu/mobiltelefon-c3277/xiaomi/14-5g-256gb-12gb-ram-dual-p1025156125/#termek-leiras,,,,,,
Érintőképernyős,nano-SIM,SoC/CPU: Qualcomm Snapdragon 8 Gen 2GPU: Adreno 740,8 magos,3.2 GHz,8 GB,256 GB,,https://www.arukereso.hu/mobiltelefon-c3277/asus/zenfone-10-5g-256gb-8gb-ram-dual-p977360274/#termek-leiras,,,,,,
Érintőképernyős,nano-SIM és eSIM,SoC/CPU: Apple A15 Bionic,6 magos,3.23 GHz,4 GB,512 GB,,https://www.arukereso.hu/mobiltelefon-c3277/apple/iphone-13-512gb-p706181793/#termek-leiras,,,,,,
Érintőképernyős,nano-SIM és eSIM,SoC/CPU: Qualcomm Snapdragon 8s Gen 3GPU: Adreno 735,8 magos,3 GHz,16 GB,1000 GB,,https://www.arukereso.hu/mobiltelefon-c3277/motorola/edge-50-ultra-5g-1tb-16gb-ram-dual-p1070517880/#termek-leiras,,,,,,
Érintőképernyős,nano-SIM és eSIM,SoC/CPU: Qualcomm Snapdragon 8 Gen 3GPU: Adreno 750,8 magos,3.3 GHz,12 GB,256 GB,,https://www.arukereso.hu/mobiltelefon-c3277/oneplus/12-5g-256gb-12gb-ram-dual-p1032009406/#termek-leiras,,,,,,
Érintőképernyős,nano-SIM és eSIM,SoC/CPU: Apple A15 Bionic,6 magos,3.23 GHz,4 GB,128 GB,,https://www.arukereso.hu/mobiltelefon-c3277/apple/iphone-13-mini-128gb-p706181736/#termek-leiras,,,,,,
Érintőképernyős,nano-SIM és eSIM,SoC/CPU: Apple A15 Bionic,6 magos,3.23 GHz,6 GB,128 GB,,https://www.arukereso.hu/mobiltelefon-c3277/apple/iphone-14-plus-128gb-p852631476/#termek-leiras,,,,,,
Érintőképernyős,nano-SIM és eSIM,SoC/CPU: Google Tensor G4GPU: Mali-G715 MC7,8 magos,3.1 GHz,12 GB,128 GB,,https://www.arukereso.hu/mobiltelefon-c3277/google/pixel-9-5g-128gb-12gb-ram-dual-p1114773964/#termek-leiras,,,,,,
Érintőképernyős,nano-SIM és eSIM,SoC/CPU: Apple A15 Bionic,6 magos,3.24 GHz,4 GB,256 GB,,https://www.arukereso.hu/mobiltelefon-c3277/apple/iphone-se-2022-256gb-p778300014/#termek-leiras,,,,,,
Érintőképernyős,nano-SIM és eSIM,SoC/CPU: Samsung Exynos 2400eGPU: Samsung Xclipse 940,10 magos,3.11 GHz,8 GB,128 GB,,https://www.arukereso.hu/mobiltelefon-c3277/samsung/galaxy-s24-fe-5g-128gb-8gb-ram-sm-s721b-p1130866519/#termek-leiras,,,,,,
Összecsukható,nano-SIM és eSIM,SoC/CPU: MediaTek Dimensity 7300XGPU: Mali-G615 MC2,8 magos,2.5 GHz,8 GB,256 GB,,https://www.arukereso.hu/mobiltelefon-c3277/motorola/razr-50-5g-256gb-8gb-ram-dual-p1092328648/#termek-leiras,,,,,,
Érintőképernyős,nano-SIM és eSIM,SoC/CPU: Samsung Exynos 2400GPU: Xclipse 940,10 magos,3.3 GHz,8 GB,256 GB,,https://www.arukereso.hu/mobiltelefon-c3277/samsung/galaxy-s24-5g-256gb-8gb-ram-dual-sm-s921b-p1038739054/#termek-leiras,,,,,,
Érintőképernyős,nano-SIM és eSIM,SoC/CPU: Qualcomm Snapdragon 8 Gen 2GPU: Adreno 740,8 magos,3.36 GHz,8 GB,256 GB,,https://www.arukereso.hu/mobiltelefon-c3277/samsung/galaxy-s23-5g-256gb-8gb-ram-dual-sm-s911-p915887118/#termek-leiras,,,,,,
Érintőképernyős,nano-SIM,SoC/CPU: Samsung Exynos 2200GPU: Xclipse 920,8 magos,2.8 GHz,8 GB,128 GB,,https://www.arukereso.hu/mobiltelefon-c3277/samsung/galaxy-s22-5g-128gb-8gb-ram-dual-sm-s901b-p766823406/#termek-leiras,,,,,,
Érintőképernyős,nano-SIM és eSIM,SoC/CPU: Apple A15 Bionic,6 magos,3.23 GHz,6 GB,128 GB,,https://www.arukereso.hu/mobiltelefon-c3277/apple/iphone-14-128gb-p852630666/#termek-leiras,,,,,,
Érintőképernyős,nano-SIM és eSIM,SoC/CPU: Qualcomm Snapdragon 8 Gen 2GPU: Adreno 740,8 magos,3.36 GHz,8 GB,128 GB,,https://www.arukereso.hu/mobiltelefon-c3277/samsung/galaxy-s23-5g-128gb-8gb-ram-dual-sm-s911b-p920648652/#termek-leiras,,,,,,
Érintőképernyős,nano-SIM és eSIM,SoC/CPU: Samsung Exynos 2400eGPU: Samsung Xclipse 940,10 magos,3.11 GHz,8 GB,256 GB,,https://www.arukereso.hu/mobiltelefon-c3277/samsung/galaxy-s24-fe-5g-256gb-8gb-ram-dual-sm-s721b-p1130866537/#termek-leiras,,,,,,
Érintőképernyős,nano-SIM és eSIM,SoC/CPU: MediaTek Dimensity 9300+GPU: Immortalis-G720 MC12,8 magos,3.4 GHz,12 GB,512 GB,,https://www.arukereso.hu/mobiltelefon-c3277/xiaomi/14t-pro-5g-512gb-12gb-ram-dual-p1130866618/#termek-leiras,,,,,,
Érintőképernyős,nano-SIM és eSIM,SoC/CPU: Apple A14 Bionic,6 magos,3.01 GHz,6 GB,128 GB,,https://www.arukereso.hu/mobiltelefon-c3277/apple/iphone-12-pro-128gb-p595768512/#termek-leiras,,,,,,
Érintőképernyős,nano-SIM,SoC/CPU: Samsung Exynos 2200GPU: Xclipse 920,8 magos,2.8 GHz,8 GB,256 GB,,https://www.arukereso.hu/mobiltelefon-c3277/samsung/galaxy-s22-5g-256gb-8gb-ram-dual-sm-s901b-p766823622/#termek-leiras,,,,,,
Érintőképernyős,nano-SIM és eSIM,SoC/CPU: Google Tensor G3GPU: Immortalis-G715s MC10,8 magos,3 GHz,8 GB,128 GB,,https://www.arukereso.hu/mobiltelefon-c3277/google/pixel-8-5g-128gb-8gb-ram-dual-p1005433237/#termek-leiras,,,,,,
Érintőképernyős,nano-SIM és eSIM,SoC/CPU: Samsung Exynos 2400GPU: Xclipse 940,10 magos,3.3 GHz,8 GB,128 GB,,https://www.arukereso.hu/mobiltelefon-c3277/samsung/galaxy-s24-5g-128gb-8gb-ram-dual-sm-s921b-p1038739090/#termek-leiras,,,,,,
Érintőképernyős,nano-SIM,SoC/CPU: Qualcomm Snapdragon 7+ Gen 3GPU: Adreno 732,8 magos,2.8 GHz,16 GB,512 GB,,https://www.arukereso.hu/mobiltelefon-c3277/oneplus/nord-4-5g-512gb-16gb-ram-dual-p1109845759/#termek-leiras,,,,,,
Érintőképernyős,nano-SIM,SoC/CPU: MediaTek Dimensity 7050 MT6877VGPU: Mali-G68 MC4,8 magos,2.6 GHz,12 GB,512 GB,,https://www.arukereso.hu/mobiltelefon-c3277/ulefone/power-armor-18t-ultra-p1024248538/#termek-leiras,,microSD,,,,
Érintőképernyős,nano-SIM,SoC/CPU: Samsung Exynos 2200GPU: Xclipse 920,8 magos,2.8 GHz,8 GB,256 GB,,https://www.arukereso.hu/mobiltelefon-c3277/samsung/galaxy-s23-fe-5g-256gb-8gb-ram-dual-sm-s711b-p1009092493/#termek-leiras,,,,,,
Érintőképernyős,nano-SIM és eSIM,SoC/CPU: Google Tensor G3GPU: Immortalis-G715s MC10,8 magos,3 GHz,12 GB,128 GB,,https://www.arukereso.hu/mobiltelefon-c3277/google/pixel-8-pro-5g-128gb-12gb-ram-dual-p1005432151/#termek-leiras,,,,,,
Érintőképernyős,nano-SIM és eSIM,SoC/CPU: Apple A14 Bionic,6 magos,3.01 GHz,4 GB,128 GB,,https://www.arukereso.hu/mobiltelefon-c3277/apple/iphone-12-128gb-p597387786/#termek-leiras,,,,,,
Érintőképernyős,nano-SIM és eSIM,SoC/CPU: Samsung Exynos 1380GPU: Mali-G68 MP5,8 magos,2.4 GHz,8 GB,256 GB,,https://www.arukereso.hu/mobiltelefon-c3277/samsung/galaxy-a54-5g-256gb-8gb-ram-dual-sm-a546b-p938466762/#termek-leiras,,microSD,,,,
Érintőképernyős,nano-SIM és eSIM,SoC/CPU: Apple A15 Bionic,6 magos,3.24 GHz,4 GB,128 GB,,https://www.arukereso.hu/mobiltelefon-c3277/apple/iphone-se-2022-128gb-p778300008/#termek-leiras,,,,,,
Érintőképernyős,nano-SIM,SoC/CPU: Qualcomm Snapdragon 8+ Gen 1GPU: Adreno 730,8 magos,3 GHz,12 GB,256 GB,,https://www.arukereso.hu/mobiltelefon-c3277/xiaomi/poco-f5-pro-5g-256gb-12gb-ram-dual-p960726516/#termek-leiras,,,,,,
Érintőképernyős,nano-SIM és eSIM,SoC/CPU: MediaTek Dimensity 9200+GPU: Immortalis-G715 MC11,8 magos,3.35 GHz,12 GB,512 GB,,https://www.arukereso.hu/mobiltelefon-c3277/xiaomi/13t-pro-5g-512gb-12gb-ram-dual-p995127973/#termek-leiras,,,,,,
Érintőképernyős,nano-SIM és eSIM,SoC/CPU: Qualcomm Snapdragon 7 Gen 3GPU: Adreno 720,8 magos,2.63 GHz,12 GB,512 GB,,https://www.arukereso.hu/mobiltelefon-c3277/motorola/edge-50-pro-5g-512gb-12gb-ram-dual-p1065394042/#termek-leiras,,,,,,
Érintőképernyős,nano-SIM és eSIM,SoC/CPU: Samsung Exynos 2400eGPU: Samsung Xclipse 940,10 magos,3.11 GHz,8 GB,128 GB,,https://www.arukereso.hu/mobiltelefon-c3277/samsung/galaxy-s24-fe-5g-128gb-8gb-ram-dual-sm-s721b-p1130866522/#termek-leiras,,,,,,
Érintőképernyős,nano-SIM,SoC/CPU: Samsung Exynos 2200GPU: Xclipse 920,8 magos,2.8 GHz,8 GB,128 GB,,https://www.arukereso.hu/mobiltelefon-c3277/samsung/galaxy-s23-fe-5g-128gb-8gb-ram-dual-sm-s711b-p1009096285/#termek-leiras,,,,,,
Érintőképernyős,nano-SIM és eSIM,SoC/CPU: Apple A15 Bionic,6 magos,3.23 GHz,4 GB,128 GB,,https://www.arukereso.hu/mobiltelefon-c3277/apple/iphone-13-128gb-p706181766/#termek-leiras,,,,,,
Érintőképernyős,nano-SIM,SoC/CPU: Qualcomm Snapdragon 8s Gen 3GPU: Adreno 735,8 magos,3 GHz,12 GB,512 GB,,https://www.arukereso.hu/mobiltelefon-c3277/honor/200-pro-5g-512gb-12gb-ram-dual-p1088472895/#termek-leiras,,,,,,
Érintőképernyős,nano-SIM és eSIM,SoC/CPU: Apple A14 Bionic,6 magos,3.01 GHz,4 GB,64 GB,,https://www.arukereso.hu/mobiltelefon-c3277/apple/iphone-12-mini-64gb-p595768461/#termek-leiras,,,,,,
Érintőképernyős,nano-SIM,SoC/CPU: Samsung Exynos 2100GPU: Mali-G78 MP14,8 magos,2.9 GHz,8 GB,128 GB,,https://www.arukereso.hu/mobiltelefon-c3277/samsung/galaxy-s21-128gb-8gb-ram-dual-g991-p621996924/#termek-leiras,,,,,,
Érintőképernyős,nano-SIM,SoC/CPU: Qualcomm Snapdragon 695GPU: Adreno 619,8 magos,2.2 GHz,6 GB,128 GB,,https://www.arukereso.hu/mobiltelefon-c3277/xiaomi/redmi-note-11-pro-5g-128gb-6gb-ram-dual-p726022254/#termek-leiras,,microSD,,,,
Érintőképernyős,nano-SIM,SoC/CPU: Qualcomm Snapdragon 8 Gen 2GPU: Adreno 740,8 magos,3.2 GHz,12 GB,512 GB,,https://www.arukereso.hu/mobiltelefon-c3277/xiaomi/poco-f6-pro-5g-512gb-12gb-ram-dual-p1082085295/#termek-leiras,,,,,,
Érintőképernyős,nano-SIM,SoC/CPU: MediaTek Dimensity 8020GPU: Mali-G77 MC9,8 magos,2.6 GHz,12 GB,512 GB,,https://www.arukereso.hu/mobiltelefon-c3277/ulefone/armor-23-ultra-p1038216310/#termek-leiras,,microSD,,,,
Érintőképernyős,nano-SIM és eSIM,SoC/CPU: Apple A14 Bionic,6 magos,3.01 GHz,4 GB,64 GB,,https://www.arukereso.hu/mobiltelefon-c3277/apple/iphone-12-64gb-p595768452/#termek-leiras,,,,,,
Érintőképernyős,nano-SIM,SoC/CPU: Qualcomm Snapdragon 865GPU: Adreno 650,8 magos,2.84 GHz,6 GB,128 GB,,https://www.arukereso.hu/mobiltelefon-c3277/samsung/galaxy-s20-fe-5g-128gb-6gb-ram-dual-g781-p591850137/#termek-leiras,,microSD,,,,
Érintőképernyős,nano-SIM,SoC/CPU: MediaTek Dimensity 6300GPU: Mali-G57 MC2,8 magos,2.4 GHz,12 GB,256 GB,,https://www.arukereso.hu/mobiltelefon-c3277/ulefone/armor-27t-pro-p1112829988/#termek-leiras,,microSD,,,,
Érintőképernyős,nano-SIM és eSIM,SoC/CPU: MediaTek Dimensity 8300 UltraGPU: Mali G615-MC6,8 magos,3.4 GHz,12 GB,512 GB,,https://www.arukereso.hu/mobiltelefon-c3277/xiaomi/14t-5g-512gb-12gb-ram-dual-p1130866750/#termek-leiras,,,,,,
Érintőképernyős,nano-SIM,SoC/CPU: Qualcomm Snapdragon 8 Gen 1GPU: Adreno 730,8 magos,3 GHz,12 GB,256 GB,,https://www.arukereso.hu/mobiltelefon-c3277/xiaomi/12-pro-5g-256gb-12gb-ram-dual-p768661350/#termek-leiras,,,,,,
Érintőképernyős,nano-SIM és eSIM,SoC/CPU: Qualcomm Snapdragon 7 Gen 1 AEGPU: Adreno 644,8 magos,2.5 GHz,12 GB,512 GB,,https://www.arukereso.hu/mobiltelefon-c3277/motorola/edge-50-5g-512gb-12gb-ram-dual-p1125644104/#termek-leiras,,,,,,
Érintőképernyős,nano-SIM és eSIM,SoC/CPU: Apple A13 Bionic,6 magos,2.66 GHz,4 GB,128 GB,,https://www.arukereso.hu/mobiltelefon-c3277/apple/iphone-11-128gb-p497417565/#termek-leiras,,,,,,
Érintőképernyős,nano-SIM és eSIM,SoC/CPU: Apple A13 Bionic,6 magos,2.66 GHz,4 GB,64 GB,,https://www.arukereso.hu/mobiltelefon-c3277/apple/iphone-11-64gb-p497417526/#termek-leiras,,,,,,
Érintőképernyős,nano-SIM és eSIM,SoC/CPU: Apple A13 Bionic,6 magos,2.66 GHz,3 GB,64 GB,,https://www.arukereso.hu/mobiltelefon-c3277/apple/iphone-se-2020-64gb-p550338258/#termek-leiras,,,,,,
Érintőképernyős,nano-SIM és eSIM,SoC/CPU: Qualcomm Snapdragon 8+ Gen 1GPU: Adreno 730,8 magos,3.19 GHz,8 GB,256 GB,,https://www.arukereso.hu/mobiltelefon-c3277/xiaomi/12t-pro-5g-256gb-8gb-ram-dual-p867718308/#termek-leiras,,,,,,
Érintőképernyős,nano-SIM és eSIM,SoC/CPU: Apple A15 Bionic,6 magos,3.24 GHz,4 GB,64 GB,,https://www.arukereso.hu/mobiltelefon-c3277/apple/iphone-se-2022-64gb-p776873025/#termek-leiras,,,,,,
Érintőképernyős,nano-SIM,SoC/CPU: Qualcomm Snapdragon 7s Gen 2GPU: Adreno 710,8 magos,2.4 GHz,12 GB,512 GB,,https://www.arukereso.hu/mobiltelefon-c3277/realme/12-pro-5g-512gb-12gb-ram-dual-p1058311534/#termek-leiras,,,,,,
Érintőképernyős,nano-SIM és eSIM,SoC/CPU: MediaTek Dimensity 8300 UltraGPU: Mali G615-MC6,8 magos,3.4 GHz,12 GB,256 GB,,https://www.arukereso.hu/mobiltelefon-c3277/xiaomi/14t-5g-256gb-12gb-ram-dual-p1130866744/#termek-leiras,,,,,,
Érintőképernyős,nano-SIM,SoC/CPU: Qualcomm Snapdragon 7 Gen 3GPU: Adreno 720,8 magos,2.63 GHz,8 GB,256 GB,,https://www.arukereso.hu/mobiltelefon-c3277/honor/200-5g-256gb-8gb-ram-dual-p1088472928/#termek-leiras,,,,,,
Érintőképernyős,nano-SIM és eSIM,SoC/CPU: Apple A12 Bionic,6 magos,2.49 GHz,3 GB,64 GB,,https://www.arukereso.hu/mobiltelefon-c3277/apple/iphone-xr-64gb-p426425616/#termek-leiras,,,,,,
Érintőképernyős,nano-SIM és eSIM,SoC/CPU: MediaTek Dimensity 8200 UltraGPU: Mali-G610 MC6,8 magos,3.1 GHz,12 GB,256 GB,,https://www.arukereso.hu/mobiltelefon-c3277/xiaomi/13t-5g-256gb-12gb-ram-dual-p1003208344/#termek-leiras,,,,,,
Érintőképernyős,nano-SIM és eSIM,SoC/CPU: Google Tensor G3GPU: Immortalis-G715s MC10,9 magos,3 GHz,8 GB,128 GB,,https://www.arukereso.hu/mobiltelefon-c3277/google/pixel-8a-5g-128gb-8gb-ram-dual-p1078166455/#termek-leiras,,,,,,
Érintőképernyős,nano-SIM,SoC/CPU: Qualcomm Snapdragon 888GPU: Adreno 660,8 magos,2.84 GHz,6 GB,128 GB,,https://www.arukereso.hu/mobiltelefon-c3277/samsung/galaxy-s21-fe-5g-128gb-6gb-ram-dual-sm-g990b-p755183625/#termek-leiras,,,,,,
Érintőképernyős,nano-SIM,SoC/CPU: Mediatek Dimensity 1080 MT6877VGPU: Mali-G68 MC4,8 magos,2.6 GHz,8 GB,256 GB,,https://www.arukereso.hu/mobiltelefon-c3277/samsung/galaxy-a34-5g-256gb-8gb-ram-dual-a346-p938466735/#termek-leiras,,microSD,,,,
Érintőképernyős,nano-SIM és eSIM,SoC/CPU: MediaTek Dimensity 7300GPU: Mali-G615 MC2,8 magos,2.5 GHz,12 GB,512 GB,,https://www.arukereso.hu/mobiltelefon-c3277/motorola/edge-50-neo-5g-512gb-12gb-ram-dual-p1120982275/#termek-leiras,,,,,,
Érintőképernyős,nano-SIM,SoC/CPU: Qualcomm Snapdragon 778GGPU: Adreno 642L,8 magos,2.4 GHz,6 GB,128 GB,,https://www.arukereso.hu/mobiltelefon-c3277/samsung/galaxy-xcover6-pro-5g-128gb-6gb-ram-dual-sm-g736b-p826330596/#termek-leiras,,microSD,,,,
Érintőképernyős,nano-SIM és eSIM,SoC/CPU: Qualcomm Snapdragon 6 Gen 1GPU: Adreno 710,8 magos,2.2 GHz,8 GB,128 GB,,https://www.arukereso.hu/mobiltelefon-c3277/sony/xperia-10-vi-5g-128gb-8gb-ram-dual-p1080034183/#termek-leiras,,microSD,,,,
Érintőképernyős,nano-SIM,SoC/CPU: Samsung Exynos 1480GPU: Xclipse 530,8 magos,2.75 GHz,8 GB,256 GB,,https://www.arukereso.hu/mobiltelefon-c3277/samsung/galaxy-a55-5g-256gb-8gb-ram-dual-sm-a556-p1056653359/#termek-leiras,,microSD,,,,
Érintőképernyős,nano-SIM,SoC/CPU: Qualcomm Snapdragon 8+ Gen 1GPU: Adreno 730,8 magos,3.19 GHz,8 GB,256 GB,,https://www.arukereso.hu/mobiltelefon-c3277/motorola/thinkphone-5g-256gb-8gb-ram-dual-p925093842/#termek-leiras,,,,,,
Érintőképernyős,nano-SIM,SoC/CPU: Qualcomm Snapdragon 8s Gen 3GPU: Adreno 735,8 magos,3 GHz,12 GB,512 GB,,https://www.arukereso.hu/mobiltelefon-c3277/xiaomi/poco-f6-5g-512gb-12gb-ram-dual-p1082085292/#termek-leiras,,,,,,
Érintőképernyős,nano-SIM és eSIM,SoC/CPU: Qualcomm Snapdragon 7s Gen 2GPU: Adreno 710,8 magos,2.4 GHz,8 GB,256 GB,,https://www.arukereso.hu/mobiltelefon-c3277/motorola/edge-50-fusion-5g-256gb-8gb-ram-dual-p1074111355/#termek-leiras,,,,,,
Érintőképernyős,nano-SIM,SoC/CPU: Qualcomm Snapdragon 7 Gen 3GPU: Adreno 720,8 magos,2.63 GHz,12 GB,512 GB,,https://www.arukereso.hu/mobiltelefon-c3277/honor/200-5g-512gb-12gb-ram-dual-p1088476126/#termek-leiras,,,,,,
Érintőképernyős,nano-SIM és eSIM,SoC/CPU: MediaTek Dimensity 8200 UltraGPU: Mali-G610 MC6,8 magos,3.1 GHz,8 GB,256 GB,,https://www.arukereso.hu/mobiltelefon-c3277/xiaomi/13t-5g-256gb-8gb-ram-dual-p994153321/#termek-leiras,,,,,,
Érintőképernyős,nano-SIM,SoC/CPU: Qualcomm Snapdragon 8 Gen 1GPU: Adreno 730,8 magos,3 GHz,8 GB,256 GB,,https://www.arukereso.hu/mobiltelefon-c3277/xiaomi/12-5g-256gb-8gb-ram-dual-p768661419/#termek-leiras,,,,,,
Érintőképernyős,nano-SIM,SoC/CPU: Qualcomm Snapdragon 8s Gen 3GPU: Adreno 735,8 magos,3 GHz,8 GB,256 GB,,https://www.arukereso.hu/mobiltelefon-c3277/xiaomi/poco-f6-5g-256gb-8gb-ram-dual-p1082085298/#termek-leiras,,,,,,
Érintőképernyős,nano-SIM,SoC/CPU: MediaTek Dimensity 7200 UltraGPU: Mali-G610 MC4,8 magos,2.8 GHz,12 GB,512 GB,,https://www.arukereso.hu/mobiltelefon-c3277/xiaomi/redmi-note-13-pro-5g-512gb-12gb-ram-dual-p1032009361/#termek-leiras,,,,,,
Érintőképernyős,nano-SIM és eSIM,SoC/CPU: Google TensorGPU: Mali-G78 MP20,8 magos,2.8 GHz,12 GB,128 GB,,https://www.arukereso.hu/mobiltelefon-c3277/google/pixel-6-pro-5g-128gb-12gb-ram-dual-p721145034/#termek-leiras,,,,,,
Érintőképernyős,nano-SIM és eSIM,SoC/CPU: Google Tensor G2GPU: Mali-G710 MP7,8 magos,2.85 GHz,8 GB,128 GB,,https://www.arukereso.hu/mobiltelefon-c3277/google/pixel-7a-5g-128gb-8gb-ram-dual-p959065182/#termek-leiras,,,,,,
Érintőképernyős,nano-SIM,SoC/CPU: MediaTek Dimensity 7200 ProGPU: Mali-G610 MC4,8 magos,2.8 GHz,12 GB,256 GB,,https://www.arukereso.hu/mobiltelefon-c3277/nothing/phone-2a-5g-256gb-12gb-ram-dual-p1055563102/#termek-leiras,,,,,,
Érintőképernyős,nano-SIM,SoC/CPU: MediaTek Dimensity 930GPU: IMG BXM-8-256,8 magos,2.2 GHz,6 GB,128 GB,,https://www.arukereso.hu/mobiltelefon-c3277/caterpillar/s75-5g-128gb-6gb-ram-dual-p933898197/#termek-leiras,,microSD,,,,
Érintőképernyős,nano-SIM és eSIM,SoC/CPU: Qualcomm Snapdragon 7 Gen 1 Accelerated EditionGPU: Adreno 644,8 magos,2.5 GHz,8 GB,256 GB,,https://www.arukereso.hu/mobiltelefon-c3277/honor/90-5g-256gb-8gb-ram-dual-p977733771/#termek-leiras,,,,,,
Érintőképernyős,nano-SIM,SoC/CPU: MediaTek Dimensity 9000 MT6983GPU: Mali-G710 MC10,8 magos,3.05 GHz,16 GB,256 GB,,https://www.arukereso.hu/mobiltelefon-c3277/oneplus/nord-3-5g-256gb-16gb-ram-dual-p977360190/#termek-leiras,,,,,,
Érintőképernyős,nano-SIM,SoC/CPU: Qualcomm Snapdragon 7s Gen 2GPU: Adreno 710,8 magos,2.4 GHz,12 GB,512 GB,,https://www.arukereso.hu/mobiltelefon-c3277/xiaomi/redmi-note-13-pro-5g-512gb-12gb-ram-dual-p1031770030/#termek-leiras,,,,,,
Érintőképernyős,nano-SIM,SoC/CPU: MediaTek Dimensity 8300 UltraGPU: Mali G615-MC6,8 magos,3.35 GHz,12 GB,512 GB,,https://www.arukereso.hu/mobiltelefon-c3277/xiaomi/poco-x6-pro-5g-512gb-12gb-ram-dual-p1038429796/#termek-leiras,,,,,,
Érintőképernyős,nano-SIM,SoC/CPU: Samsung Exynos 1480GPU: Xclipse 530,8 magos,2.75 GHz,8 GB,128 GB,,https://www.arukereso.hu/mobiltelefon-c3277/samsung/galaxy-a55-5g-128gb-8gb-ram-dual-sm-a556-p1056653431/#termek-leiras,,microSD,,,,
Érintőképernyős,nano-SIM,SoC/CPU: MediaTek Helio G99 UltraGPU: Mali-G57 MC2,8 magos,2.2 GHz,12 GB,512 GB,,https://www.arukereso.hu/mobiltelefon-c3277/xiaomi/redmi-note-13-pro-512gb-12gb-ram-dual-p1037326627/#termek-leiras,,microSD,,,,
Érintőképernyős,nano-SIM és eSIM,SoC/CPU: Qualcomm Snapdragon 7 Gen 1 Accelerated EditionGPU: Adreno 644,8 magos,2.5 GHz,12 GB,512 GB,,https://www.arukereso.hu/mobiltelefon-c3277/honor/90-5g-512gb-12gb-ram-dual-p977733717/#termek-leiras,,,,,,
Érintőképernyős,nano-SIM és eSIM,SoC/CPU: Qualcomm Snapdragon 7s Gen 2GPU: Adreno 710,8 magos,2.4 GHz,12 GB,512 GB,,https://www.arukereso.hu/mobiltelefon-c3277/motorola/edge-50-fusion-5g-512gb-12gb-ram-dual-p1070517673/#termek-leiras,,,,,,
Érintőképernyős,nano-SIM,SoC/CPU: Qualcomm Snapdragon 695GPU: Adreno 619,8 magos,2.2 GHz,4 GB,128 GB,,https://www.arukereso.hu/mobiltelefon-c3277/samsung/galaxy-a23-5g-128gb-4gb-ram-dual-sm-a236-p856560441/#termek-leiras,,microSD,,,,
Érintőképernyős,nano-SIM,SoC/CPU: MediaTek Dimensity 7200 UltraGPU: Mali-G610 MC4,8 magos,2.8 GHz,8 GB,256 GB,,https://www.arukereso.hu/mobiltelefon-c3277/xiaomi/redmi-note-13-pro-5g-256gb-8gb-ram-dual-p1035417700/#termek-leiras,,,,,,
Érintőképernyős,nano-SIM és eSIM,SoC/CPU: Samsung Exynos 1380GPU: Mali-G68 MP5,8 magos,2.4 GHz,8 GB,128 GB,,https://www.arukereso.hu/mobiltelefon-c3277/samsung/galaxy-a54-5g-128gb-8gb-ram-dual-sm-a546b-p938466729/#termek-leiras,,microSD,,,,
Érintőképernyős,nano-SIM,SoC/CPU: MediaTek Helio G96GPU: Mali-G57 MC2,8 magos,2.05 GHz,12 GB,256 GB,,https://www.arukereso.hu/mobiltelefon-c3277/ulefone/armor-24-p1016110810/#termek-leiras,,microSD,,,,
Érintőképernyős,nano-SIM és eSIM,SoC/CPU: MediaTek Dimensity 7300GPU: Mali-G615 MC2,8 magos,2.5 GHz,8 GB,256 GB,,https://www.arukereso.hu/mobiltelefon-c3277/motorola/edge-50-neo-5g-256gb-8gb-ram-dual-p1120982257/#termek-leiras,,,,,,
Érintőképernyős,nano-SIM,SoC/CPU: Samsung Exynos 1380GPU: Mali-G68 MP5,8 magos,2.4 GHz,8 GB,256 GB,,https://www.arukereso.hu/mobiltelefon-c3277/samsung/galaxy-a35-5g-256gb-8gb-ram-dual-sm-a356-p1057835020/#termek-leiras,,microSD,,,,
Érintőképernyős,nano-SIM,SoC/CPU: MediaTek Dimensity 8100-UltraGPU: Mali-G610 MC6,8 magos,2.85 GHz,8 GB,256 GB,,https://www.arukereso.hu/mobiltelefon-c3277/xiaomi/12t-5g-256gb-8gb-ram-dual-p869910399/#termek-leiras,,,,,,
Érintőképernyős,nano-SIM,SoC/CPU: MediaTek Dimensity 7200 ProGPU: Mali-G610 MC4,8 magos,2.8 GHz,8 GB,128 GB,,https://www.arukereso.hu/mobiltelefon-c3277/nothing/phone-2a-5g-128gb-8gb-ram-dual-p1055563351/#termek-leiras,,,,,,
Érintőképernyős,nano-SIM,SoC/CPU: MediaTek Dimensity 8300 UltraGPU: Mali G615-MC6,8 magos,3.35 GHz,8 GB,256 GB,,https://www.arukereso.hu/mobiltelefon-c3277/xiaomi/poco-x6-pro-5g-256gb-8gb-ram-dual-p1038198283/#termek-leiras,,,,,,
Érintőképernyős,nano-SIM,SoC/CPU: MediaTek Dimensity 8020 MT6891GPU: Mali-G77 MC9,8 magos,2.6 GHz,12 GB,256 GB,,https://www.arukereso.hu/mobiltelefon-c3277/infinix/zero-30-5g-256gb-12gb-ram-dual-p1026747136/#termek-leiras,,,,,,
Érintőképernyős,nano-SIM,SoC/CPU: Samsung Exynos 1280GPU: Mali-G68,8 magos,2.4 GHz,6 GB,128 GB,,https://www.arukereso.hu/mobiltelefon-c3277/samsung/galaxy-a53-5g-128gb-6gb-ram-dual-sm-a536b-p783331599/#termek-leiras,,microSD,,,,
Érintőképernyős,nano-SIM,SoC/CPU: MediaTek Helio G99 UltimateGPU: Mali-G57 MC2,8 magos,2.2 GHz,12 GB,256 GB,,https://www.arukereso.hu/mobiltelefon-c3277/infinix/note-40-pro-256gb-12gb-ram-dual-p1072236424/#termek-leiras,Android,,,,,
Érintőképernyős,nano-SIM,SoC/CPU: Qualcomm Snapdragon 7s Gen 2GPU: Adreno 710,8 magos,2.4 GHz,8 GB,256 GB,,https://www.arukereso.hu/mobiltelefon-c3277/xiaomi/redmi-note-13-pro-5g-256gb-8gb-ram-dual-p1031769955/#termek-leiras,,,,,,
Érintőképernyős,nano-SIM,SoC/CPU: Mediatek Helio G88GPU: Mali-G52 MC2,8 magos,2 GHz,6 GB,128 GB,,https://www.arukereso.hu/mobiltelefon-c3277/honor/x8a-128gb-6gb-ram-dual-p925094544/#termek-leiras,,,,,,
Érintőképernyős,nano-SIM és eSIM,SoC/CPU: MediaTek Dimensity 7030GPU: Mali-G610 MC3,8 magos,2.5 GHz,12 GB,256 GB,,https://www.arukereso.hu/mobiltelefon-c3277/motorola/edge-40-neo-5g-256gb-12gb-ram-dual-p998846215/#termek-leiras,,,,,,
Érintőképernyős,nano-SIM,SoC/CPU: MediaTek Dimensity 9000 MT6983GPU: Mali-G710 MC10,8 magos,3.05 GHz,8 GB,128 GB,,https://www.arukereso.hu/mobiltelefon-c3277/oneplus/nord-3-5g-128gb-8gb-ram-dual-p977360214/#termek-leiras,,,,,,
Érintőképernyős,nano-SIM és eSIM,,8 magos,2.2 GHz,6 GB,128 GB,,https://www.arukereso.hu/mobiltelefon-c3277/samsung/galaxy-xcover7-5g-128gb-6gb-ram-dual-p1040712799/#termek-leiras,,microSD,,,,
Érintőképernyős,nano-SIM,SoC/CPU: Qualcomm Snapdragon 695GPU: Adreno 619,8 magos,2.2 GHz,12 GB,256 GB,,https://www.arukereso.hu/mobiltelefon-c3277/motorola/moto-g84-5g-256gb-12gb-ram-dual-p998846203/#termek-leiras,,microSD,,,,
Érintőképernyős,nano-SIM,SoC/CPU: Mediatek Helio G96GPU: Mali-G57 MC2,8 magos,2.05 GHz,6 GB,128 GB,,https://www.arukereso.hu/mobiltelefon-c3277/xiaomi/redmi-note-11-pro-128gb-6gb-ram-dual-p768661590/#termek-leiras,,microSD,,,,
Érintőképernyős,nano-SIM,SoC/CPU: Mediatek Dimensity 1080 MT6877VGPU: Mali-G68 MC4,8 magos,2.6 GHz,8 GB,256 GB,,https://www.arukereso.hu/mobiltelefon-c3277/xiaomi/redmi-note-12-pro-5g-256gb-8gb-ram-dual-p935324457/#termek-leiras,,,,,,
Érintőképernyős,nano-SIM,SoC/CPU: Qualcomm Snapdragon 7s Gen 2GPU: Adreno 710,8 magos,2.4 GHz,12 GB,256 GB,,https://www.arukereso.hu/mobiltelefon-c3277/xiaomi/poco-x6-5g-256gb-12gb-ram-dual-p1038198319/#termek-leiras,,,,,,
Érintőképernyős,nano-SIM,SoC/CPU: Samsung Exynos 1380GPU: Mali-G68 MP5,8 magos,2.4 GHz,6 GB,128 GB,,https://www.arukereso.hu/mobiltelefon-c3277/samsung/galaxy-a35-5g-128gb-6gb-ram-dual-sm-a356-p1056653356/#termek-leiras,,microSD,,,,
Érintőképernyős,nano-SIM,SoC/CPU: MediaTek Dimensity 1080 MT6877VGPU: Mali-G68 MC4,8 magos,2.6 GHz,8 GB,256 GB,,https://www.arukereso.hu/mobiltelefon-c3277/xiaomi/redmi-note-12-pro-5g-256gb-8gb-ram-dual-p942318282/#termek-leiras,,,,,,
Érintőképernyős,nano-SIM,SoC/CPU: Samsung Exynos 1280GPU: Mali-G68,8 magos,2.4 GHz,8 GB,256 GB,,https://www.arukereso.hu/mobiltelefon-c3277/samsung/galaxy-a25-5g-256gb-8gb-ram-dual-sm-a256-p1033067365/#termek-leiras,,microSD,,,,
Érintőképernyős,nano-SIM,SoC/CPU: Qualcomm Snapdragon 6 Gen 1GPU: Adreno 710,8 magos,2.2 GHz,8 GB,256 GB,,https://www.arukereso.hu/mobiltelefon-c3277/honor/magic6-lite-5g-256gb-8gb-ram-dual-p1035942475/#termek-leiras,,,,,,
Érintőképernyős,nano-SIM,SoC/CPU: MediaTek Helio G99 MT8781GPU: Mali-G57 MC2,8 magos,2.2 GHz,8 GB,256 GB,,https://www.arukereso.hu/mobiltelefon-c3277/ulefone/armor-21-p970439298/#termek-leiras,,microSD,,,,
Érintőképernyős,nano-SIM,SoC/CPU: Qualcomm Snapdragon 695GPU: Adreno 619,8 magos,2.2 GHz,8 GB,256 GB,,https://www.arukereso.hu/mobiltelefon-c3277/xiaomi/poco-x5-5g-256gb-8gb-ram-dual-p923614020/#termek-leiras,,microSD,,,,
Érintőképernyős,nano-SIM,SoC/CPU: Qualcomm Snapdragon 695GPU: Adreno 619,8 magos,2.2 GHz,8 GB,256 GB,,https://www.arukereso.hu/mobiltelefon-c3277/honor/magic5-lite-5g-256gb-8gb-ram-dual-p960777378/#termek-leiras,,,,,,
Érintőképernyős,nano-SIM,SoC/CPU: MediaTek Helio G99 UltraGPU: Mali-G57 MC2,8 magos,2.2 GHz,12 GB,512 GB,,https://www.arukereso.hu/mobiltelefon-c3277/xiaomi/poco-m6-pro-512gb-12gb-ram-dual-p1037529883/#termek-leiras,,microSD,,,,
Érintőképernyős,nano-SIM és eSIM,SoC/CPU: Qualcomm Snapdragon 6s Gen 3GPU: Adreno 619,8 magos,2.2 GHz,12 GB,256 GB,,https://www.arukereso.hu/mobiltelefon-c3277/motorola/moto-g85-5g-256gb-12gb-ram-dual-p1105985008/#termek-leiras,,microSD,,,,
Érintőképernyős,nano-SIM,SoC/CPU: MediaTek Helio G99 UltraGPU: Mali-G57 MC2,8 magos,2.2 GHz,8 GB,256 GB,,https://www.arukereso.hu/mobiltelefon-c3277/xiaomi/redmi-note-13-pro-256gb-8gb-ram-dual-p1037326714/#termek-leiras,,microSD,,,,
Érintőképernyős,nano-SIM,SoC/CPU: Qualcomm Snapdragon 732GGPU: Adreno 618,8 magos,2.2 GHz,8 GB,256 GB,,https://www.arukereso.hu/mobiltelefon-c3277/xiaomi/redmi-note-12-pro-256gb-8gb-ram-dual-p954400080/#termek-leiras,,microSD,,,,
Érintőképernyős,nano-SIM,SoC/CPU: MediaTek Helio G96GPU: Mali-G57 MC2,8 magos,2 GHz,8 GB,256 GB,,https://www.arukereso.hu/mobiltelefon-c3277/ulefone/armor-22-256gb-8gb-ram-dual-p998536846/#termek-leiras,,microSD,,,,
Érintőképernyős,nano-SIM,SoC/CPU: MediaTek Helio G99 UltimateGPU: Mali-G57 MC2,8 magos,2.2 GHz,8 GB,256 GB,,https://www.arukereso.hu/mobiltelefon-c3277/infinix/note-40-256gb-8gb-ram-dual-p1070261422/#termek-leiras,Android,,,,,
Érintőképernyős,nano-SIM és eSIM,SoC/CPU: Qualcomm Snapdragon 6s Gen 3GPU: Adreno 619,8 magos,2.2 GHz,8 GB,256 GB,,https://www.arukereso.hu/mobiltelefon-c3277/motorola/moto-g85-5g-256gb-8gb-ram-dual-p1104629743/#termek-leiras,,microSD,,,,
Érintőképernyős,nano-SIM,SoC/CPU: Qualcomm Snapdragon 680GPU: Adreno 610,8 magos,2.4 GHz,8 GB,256 GB,,https://www.arukereso.hu/mobiltelefon-c3277/honor/x8b-256gb-8gb-ram-dual-p1035942478/#termek-leiras,,,,,,
Érintőképernyős,nano-SIM,SoC/CPU: Qualcomm Snapdragon 685GPU: Adreno 610,8 magos,2.8 GHz,4 GB,128 GB,,https://www.arukereso.hu/mobiltelefon-c3277/xiaomi/redmi-note-12-128gb-4gb-ram-dual-p942602520/#termek-leiras,,microSD,,,,
Érintőképernyős,nano-SIM,SoC/CPU: Mediatek Dimensity 1080 MT6877VGPU: Mali-G68 MC4,8 magos,2.6 GHz,6 GB,128 GB,,https://www.arukereso.hu/mobiltelefon-c3277/samsung/galaxy-a34-5g-128gb-6gb-ram-dual-sm-a346-p938466732/#termek-leiras,,microSD,,,,
Érintőképernyős,nano-SIM,SoC/CPU: Mediatek Dimensity 1080 MT6877VGPU: Mali-G68 MC4,8 magos,2.6 GHz,6 GB,128 GB,,https://www.arukereso.hu/mobiltelefon-c3277/xiaomi/redmi-note-12-pro-5g-128gb-6gb-ram-dual-p934717758/#termek-leiras,,,,,,
Érintőképernyős,nano-SIM,SoC/CPU: MediaTek Dimensity 6080GPU: Mali-G57 MC2,8 magos,2.4 GHz,8 GB,256 GB,,https://www.arukereso.hu/mobiltelefon-c3277/xiaomi/redmi-note-13-5g-256gb-8gb-ram-dual-p1031769967/#termek-leiras,,microSD,,,,
Érintőképernyős,nano-SIM,SoC/CPU: Qualcomm Snapdragon 695GPU: Adreno 619,8 magos,2.2 GHz,4 GB,64 GB,,https://www.arukereso.hu/mobiltelefon-c3277/samsung/galaxy-a23-5g-64gb-4gb-ram-dual-sm-a236b-p858119172/#termek-leiras,,microSD,,,,
Érintőképernyős,nano-SIM,SoC/CPU: Qualcomm Snapdragon 695GPU: Adreno 619,8 magos,2.2 GHz,8 GB,128 GB,,https://www.arukereso.hu/mobiltelefon-c3277/oneplus/nord-ce-3-lite-5g-128gb-8gb-ram-dual-p946811853/#termek-leiras,,microSD,,,,
Érintőképernyős,nano-SIM,SoC/CPU: Samsung Exynos 1280GPU: Mali-G68,8 magos,2.4 GHz,6 GB,128 GB,,https://www.arukereso.hu/mobiltelefon-c3277/samsung/galaxy-a25-5g-128gb-6gb-ram-dual-sm-a256-p1033067359/#termek-leiras,,microSD,,,,
Érintőképernyős,nano-SIM,SoC/CPU: Qualcomm Snapdragon 695GPU: Adreno 619,8 magos,2.2 GHz,6 GB,128 GB,,https://www.arukereso.hu/mobiltelefon-c3277/xiaomi/poco-x5-5g-128gb-6gb-ram-dual-p923612052/#termek-leiras,,microSD,,,,
Érintőképernyős,nano-SIM és eSIM,SoC/CPU: MediaTek Dimensity 7020GPU: IMG BXM-8-256,8 magos,2.2 GHz,12 GB,256 GB,,https://www.arukereso.hu/mobiltelefon-c3277/motorola/moto-g54-power-5g-256gb-12gb-ram-dual-p999433039/#termek-leiras,,microSD,,,,
Érintőképernyős,nano-SIM,SoC/CPU: Qualcomm Snapdragon 695GPU: Adreno 619,8 magos,2.2 GHz,8 GB,256 GB,,https://www.arukereso.hu/mobiltelefon-c3277/motorola/moto-g84-5g-256gb-8gb-ram-dual-p1128575179/#termek-leiras,,microSD,,,,
Érintőképernyős,nano-SIM,SoC/CPU: MediaTek Dimensity 6080GPU: Mali-G57 MC2,8 magos,2.4 GHz,8 GB,256 GB,,https://www.arukereso.hu/mobiltelefon-c3277/honor/200-lite-5g-256gb-8gb-ram-dual-p1075405768/#termek-leiras,,,,,,
Érintőképernyős,nano-SIM,SoC/CPU: MediaTek Helio G99 UltraGPU: Mali-G57 MC2,8 magos,2.2 GHz,8 GB,256 GB,,https://www.arukereso.hu/mobiltelefon-c3277/xiaomi/poco-m6-pro-256gb-8gb-ram-dual-p1037529880/#termek-leiras,,microSD,,,,
Érintőképernyős,nano-SIM,SoC/CPU: Qualcomm Snapdragon 685GPU: Adreno 610,8 magos,2.8 GHz,8 GB,512 GB,,https://www.arukereso.hu/mobiltelefon-c3277/xiaomi/redmi-note-13-512gb-8gb-ram-dual-p1112500621/#termek-leiras,,microSD,,,,
Érintőképernyős,nano-SIM,SoC/CPU: Qualcomm Snapdragon 695GPU: Adreno 619,8 magos,2.2 GHz,6 GB,64 GB,,https://www.arukereso.hu/mobiltelefon-c3277/xiaomi/redmi-note-11-pro-5g-64gb-6gb-ram-dual-p768661605/#termek-leiras,,microSD,,,,
Érintőképernyős,nano-SIM,SoC/CPU: Mediatek Dimensity 700 MT6833GPU: Mali-G57 MC2,8 magos,2.2 GHz,4 GB,128 GB,,https://www.arukereso.hu/mobiltelefon-c3277/samsung/galaxy-a14-5g-128gb-4gb-ram-dual-a146p-p929735286/#termek-leiras,,microSD,,,,
Érintőképernyős,nano-SIM,SoC/CPU: MediaTek Helio G99GPU: Mali-G57 MC2,8 magos,2.2 GHz,8 GB,256 GB,,https://www.arukereso.hu/mobiltelefon-c3277/samsung/galaxy-a15-256gb-8gb-ram-dual-sm-a155f-p1033449529/#termek-leiras,,microSD,,,,
Érintőképernyős,nano-SIM,SoC/CPU: Mediatek Dimensity 700 MT6833GPU: Mali-G57 MC2,8 magos,2.2 GHz,4 GB,128 GB,,https://www.arukereso.hu/mobiltelefon-c3277/samsung/galaxy-a14-128gb-4gb-ram-dual-a145f-p937982193/#termek-leiras,,microSD,,,,
Érintőképernyős,nano-SIM,,8 magos,2.4 GHz,4 GB,128 GB,,https://www.arukereso.hu/mobiltelefon-c3277/samsung/galaxy-a16-5g-128gb-4gb-ram-dual-sm-a166b-p1137018748/#termek-leiras,,microSD,,,,
Érintőképernyős,nano-SIM,SoC/CPU: Qualcomm Snapdragon 685GPU: Adreno 610,8 magos,2.8 GHz,8 GB,256 GB,,https://www.arukereso.hu/mobiltelefon-c3277/realme/c67-256gb-8gb-ram-dual-p1045463680/#termek-leiras,,microSD,,,,
Érintőképernyős,nano-SIM és eSIM,SoC/CPU: MediaTek Dimensity 7020GPU: IMG BXM-8-256,8 magos,2.2 GHz,8 GB,256 GB,,https://www.arukereso.hu/mobiltelefon-c3277/motorola/moto-g54-5g-256gb-8gb-ram-dual-p1005205072/#termek-leiras,,microSD,,,,
Érintőképernyős,nano-SIM,SoC/CPU: Qualcomm Snapdragon 685GPU: Adreno 610,8 magos,2.8 GHz,8 GB,256 GB,,https://www.arukereso.hu/mobiltelefon-c3277/xiaomi/redmi-note-13-256gb-8gb-ram-dual-p1037529871/#termek-leiras,,microSD,,,,
Érintőképernyős,nano-SIM,SoC/CPU: MediaTek Dimensity 6020GPU: Mali-G57 MC2,8 magos,2.2 GHz,8 GB,256 GB,,https://www.arukereso.hu/mobiltelefon-c3277/honor/90-lite-5g-256gb-8gb-ram-dual-p973116429/#termek-leiras,,,,,,
Érintőképernyős,nano-SIM,SoC/CPU: MediaTek Helio G96GPU: Mali-G57 MC2,8 magos,2.05 GHz,6 GB,128 GB,,https://www.arukereso.hu/mobiltelefon-c3277/xiaomi/redmi-note-11s-128gb-6gb-ram-dual-p765637332/#termek-leiras,,microSD,,,,
Érintőképernyős,nano-SIM,SoC/CPU: MediaTek Helio G85 MT6769ZGPU: Mali-G52 MC2,8 magos,2 GHz,8 GB,256 GB,,https://www.arukereso.hu/mobiltelefon-c3277/motorola/moto-g24-power-256gb-8gb-ram-dual-p1047261217/#termek-leiras,,microSD,,,,
Érintőképernyős,nano-SIM,SoC/CPU: MediaTek Helio G80 MT6769GPU: Mali-G52 MC2,8 magos,2 GHz,4 GB,64 GB,,https://www.arukereso.hu/mobiltelefon-c3277/samsung/galaxy-a14-64gb-4gb-ram-dual-a145f-p937982190/#termek-leiras,,microSD,,,,
Érintőképernyős,nano-SIM,SoC/CPU: MediaTek Dimensity 6100+GPU: Mali-G57 MC2,8 magos,2.2 GHz,4 GB,128 GB,,https://www.arukereso.hu/mobiltelefon-c3277/samsung/galaxy-a15-5g-128gb-4gb-ram-dual-a156b-p1042962211/#termek-leiras,,microSD,,,,
Érintőképernyős,nano-SIM,SoC/CPU: Qualcomm Snapdragon 680GPU: Adreno 610,8 magos,2.4 GHz,6 GB,128 GB,,https://www.arukereso.hu/mobiltelefon-c3277/motorola/moto-g32-128gb-6gb-ram-dual-p846642915/#termek-leiras,,microSD,,,,
Érintőképernyős,nano-SIM,SoC/CPU: Mediatek Dimensity 700 MT6833GPU: Mali-G57 MC2,8 magos,2.2 GHz,4 GB,64 GB,,https://www.arukereso.hu/mobiltelefon-c3277/samsung/galaxy-a14-5g-64gb-4gb-ram-dual-a146p-p930643701/#termek-leiras,,microSD,,,,
Érintőképernyős,nano-SIM,SoC/CPU: Qualcomm Snapdragon 680GPU: Adreno 610,8 magos,2.4 GHz,4 GB,64 GB,,https://www.arukereso.hu/mobiltelefon-c3277/xiaomi/redmi-note-11-64gb-4gb-ram-dual-p763883577/#termek-leiras,,microSD,,,,
Érintőképernyős,nano-SIM,SoC/CPU: Qualcomm Snapdragon 680GPU: Adreno 610,8 magos,2.4 GHz,6 GB,128 GB,,https://www.arukereso.hu/mobiltelefon-c3277/honor/x7b-128gb-6gb-ram-dual-p1035942481/#termek-leiras,,microSD,,,,
Érintőképernyős,nano-SIM,SoC/CPU: MediaTek Helio G36 MT6765V/XGPU: IMG GE8320,8 magos,2.2 GHz,6 GB,64 GB,,https://www.arukereso.hu/mobiltelefon-c3277/ulefone/armor-x13-p984052494/#termek-leiras,,microSD (max. 256 GB),,,,
Érintőképernyős,nano-SIM,SoC/CPU: MediaTek Helio G96GPU: Mali-G57 MC2,8 magos,2.05 GHz,8 GB,256 GB,,https://www.arukereso.hu/mobiltelefon-c3277/xiaomi/redmi-note-12s-256gb-8gb-ram-dual-p952837914/#termek-leiras,,microSD,,,,
Érintőképernyős,nano-SIM,SoC/CPU: MediaTek Helio G91 UltraGPU: Mali-G52 MC2,8 magos,2 GHz,8 GB,256 GB,,https://www.arukereso.hu/mobiltelefon-c3277/xiaomi/redmi-13-256gb-8gb-ram-dual-p1087319095/#termek-leiras,,microSD,,,,
Érintőképernyős,nano-SIM,SoC/CPU: MediaTek Helio G88GPU: Mali-G52 MC2,8 magos,2 GHz,8 GB,256 GB,,https://www.arukereso.hu/mobiltelefon-c3277/xiaomi/redmi-12-256gb-8gb-ram-dual-p972786075/#termek-leiras,,microSD,,,,
Érintőképernyős,nano-SIM,SoC/CPU: MediaTek Helio G85 MT6769ZGPU: Mali-G52 MC2,8 magos,2 GHz,8 GB,256 GB,,https://www.arukereso.hu/mobiltelefon-c3277/xiaomi/redmi-13c-256gb-8gb-ram-dual-p1023870136/#termek-leiras,,microSD,,,,
Érintőképernyős,nano-SIM,SoC/CPU: MediaTek Helio G88GPU: Mali-G52 MC2,8 magos,2 GHz,4 GB,128 GB,,https://www.arukereso.hu/mobiltelefon-c3277/xiaomi/redmi-12-128gb-4gb-ram-dual-p967118520/#termek-leiras,,microSD,,,,
Érintőképernyős,nano-SIM,SoC/CPU: MediaTek Helio G99GPU: Mali-G57 MC2,8 magos,2.2 GHz,4 GB,128 GB,,https://www.arukereso.hu/mobiltelefon-c3277/samsung/galaxy-a15-128gb-4gb-ram-dual-sm-a155f-p1036145626/#termek-leiras,,microSD,,,,
Érintőképernyős,nano-SIM,SoC/CPU: Qualcomm Snapdragon 685GPU: Adreno 610,8 magos,2.8 GHz,6 GB,128 GB,,https://www.arukereso.hu/mobiltelefon-c3277/xiaomi/redmi-note-13-128gb-6gb-ram-dual-p1037529865/#termek-leiras,,microSD,,,,
Érintőképernyős,nano-SIM,SoC/CPU: Qualcomm Snapdragon 695GPU: Adreno 619,8 magos,2.2 GHz,8 GB,128 GB,,https://www.arukereso.hu/mobiltelefon-c3277/motorola/moto-g34-5g-128gb-8gb-ram-dual-p1042940533/#termek-leiras,,microSD,,,,
Érintőképernyős,nano-SIM,SoC/CPU: MediaTek Helio G85 MT6769ZGPU: Mali-G52 MC2,8 magos,2 GHz,8 GB,256 GB,,https://www.arukereso.hu/mobiltelefon-c3277/xiaomi/poco-c65-256gb-8gb-ram-dual-p1026743203/#termek-leiras,,microSD,,,,
Érintőképernyős,nano-SIM,SoC/CPU: Qualcomm Snapdragon 680GPU: Adreno 610,8 magos,2.4 GHz,4 GB,128 GB,,https://www.arukereso.hu/mobiltelefon-c3277/samsung/galaxy-a05s-128gb-4gb-ram-dual-sm-a057f-p1014770971/#termek-leiras,,microSD,,,,
Érintőképernyős,nano-SIM,SoC/CPU: MediaTek Helio G99GPU: Mali-G57 MC2,8 magos,2.2 GHz,8 GB,256 GB,,https://www.arukereso.hu/mobiltelefon-c3277/infinix/hot-40-pro-256gb-8gb-ram-dual-p1050072469/#termek-leiras,,microSD,,,,
Érintőképernyős,nano-SIM,SoC/CPU: Qualcomm Snapdragon 680GPU: Adreno 610,8 magos,2.4 GHz,8 GB,256 GB,,https://www.arukereso.hu/mobiltelefon-c3277/motorola/moto-g32-256gb-8gb-ram-dual-p976645218/#termek-leiras,,microSD,,,,
Érintőképernyős,nano-SIM,SoC/CPU: MediaTek Helio G37 MT6765HGPU: PowerVR GE8320,8 magos,2.3 GHz,4 GB,128 GB,,https://www.arukereso.hu/mobiltelefon-c3277/honor/x7a-128gb-4gb-ram-dual-p998543482/#termek-leiras,,microSD,,,,
Érintőképernyős,nano-SIM,SoC/CPU: MediaTek Helio G85 MT6769ZGPU: Mali-G52 MC2,8 magos,2 GHz,6 GB,128 GB,,https://www.arukereso.hu/mobiltelefon-c3277/xiaomi/redmi-13c-128gb-6gb-ram-dual-p1023870130/#termek-leiras,,microSD,,,,
Érintőképernyős,nano-SIM,SoC/CPU: MediaTek Dimensity 700 MT6833GPU: Mali-G57 MC2,8 magos,2.2 GHz,4 GB,128 GB,,https://www.arukereso.hu/mobiltelefon-c3277/xiaomi/redmi-10-5g-128gb-4gb-ram-dual-p887349723/#termek-leiras,,microSD,,,,
Érintőképernyős,nano-SIM,SoC/CPU: Samsung Exynos 850GPU: Mali-G52,8 magos,2 GHz,3 GB,32 GB,,https://www.arukereso.hu/mobiltelefon-c3277/samsung/galaxy-a04s-32gb-3gb-ram-dual-sm-a047-p856555536/#termek-leiras,,microSD,,,,
Érintőképernyős,nano-SIM,SoC/CPU: MediaTek Helio G85 MT6769ZGPU: Mali-G52 MC2,8 magos,2 GHz,6 GB,128 GB,,https://www.arukereso.hu/mobiltelefon-c3277/xiaomi/poco-c65-128gb-6gb-ram-dual-p1026743206/#termek-leiras,,microSD,,,,
Érintőképernyős,nano-SIM,SoC/CPU: Qualcomm Snapdragon 680GPU: Adreno 610,8 magos,2.4 GHz,4 GB,64 GB,,https://www.arukereso.hu/mobiltelefon-c3277/samsung/galaxy-a05s-64gb-4gb-ram-dual-a057f-p1035016513/#termek-leiras,,microSD,,,,
Érintőképernyős,nano-SIM,SoC/CPU: Qualcomm Snapdragon 680GPU: Adreno 610,8 magos,2.4 GHz,4 GB,128 GB,,https://www.arukereso.hu/mobiltelefon-c3277/xiaomi/redmi-note-11-128gb-4gb-ram-dual-p763881576/#termek-leiras,,microSD,,,,
Érintőképernyős,nano-SIM,SoC/CPU: Unisoc Tiger T616GPU: Mali-G57 MP1,8 magos,2 GHz,4 GB,128 GB,,https://www.arukereso.hu/mobiltelefon-c3277/motorola/moto-g14-128gb-4gb-ram-dual-p989578438/#termek-leiras,,microSD,,,,
Érintőképernyős,nano-SIM,SoC/CPU: Unisoc T606GPU: Mali-G57 MP1,8 magos,1.6 GHz,4 GB,64 GB,,https://www.arukereso.hu/mobiltelefon-c3277/doogee/s41t-p1028819161/#termek-leiras,,microSD (max. 1 TB),,,,
Érintőképernyős,nano-SIM,SoC/CPU: MediaTek Helio G85 MT6769ZGPU: Mali-G52 MC2,8 magos,2 GHz,4 GB,128 GB,,https://www.arukereso.hu/mobiltelefon-c3277/xiaomi/redmi-13c-128gb-4gb-ram-dual-p1023870127/#termek-leiras,,microSD,,,,
Érintőképernyős,nano-SIM,SoC/CPU: Mediatek Helio G85 MT6769ZGPU: Mali-G52 MC2,8 magos,2 GHz,3 GB,64 GB,,https://www.arukereso.hu/mobiltelefon-c3277/xiaomi/redmi-12c-64gb-3gb-ram-dual-p937222035/#termek-leiras,,microSD,,,,
Érintőképernyős,nano-SIM,SoC/CPU: Unisoc T606GPU: Mali-G57 MP1,8 magos,1.6 GHz,4 GB,128 GB,,https://www.arukereso.hu/mobiltelefon-c3277/infinix/hot-40i-128gb-4gb-ram-dual-p1050072457/#termek-leiras,,microSD,,,,
Érintőképernyős,nano-SIM,SoC/CPU: MediaTek Helio G25GPU: PowerVR GE8320,8 magos,2 GHz,2 GB,32 GB,,https://www.arukereso.hu/mobiltelefon-c3277/xiaomi/redmi-9a-32gb-2gb-ram-dual-p573597846/#termek-leiras,,microSD,,,,
Érintőképernyős,nano-SIM,SoC/CPU: MediaTek Helio G81 UltraGPU: Mali-G52 MC2,8 magos,2 GHz,4 GB,128 GB,,https://www.arukereso.hu/mobiltelefon-c3277/xiaomi/redmi-14c-128gb-4gb-ram-dual-p1127929507/#termek-leiras,,microSD,,,,
Érintőképernyős,nano-SIM,,8 magos,1.6 GHz,4 GB,128 GB,,https://www.arukereso.hu/mobiltelefon-c3277/hmd/pulse-128gb-4gb-ram-dual-p1078159912/#termek-leiras,,microSD,,,,
Érintőképernyős,nano-SIM,SoC/CPU: Mediatek Helio G85 MT6769ZGPU: Mali-G52 MC2,8 magos,2 GHz,3 GB,32 GB,,https://www.arukereso.hu/mobiltelefon-c3277/xiaomi/redmi-12c-32gb-3gb-ram-dual-p937222038/#termek-leiras,,microSD,,,,
Érintőképernyős,nano-SIM,SoC/CPU: Unisoc T606GPU: Mali-G57 MP1,8 magos,1.6 GHz,4 GB,64 GB,,https://www.arukereso.hu/mobiltelefon-c3277/motorola/moto-g04-64gb-4gb-ram-dual-p1046488459/#termek-leiras,,microSD,,,,
Érintőképernyős,nano-SIM,SoC/CPU: MediaTek Helio G25GPU: PowerVR GE8320,8 magos,2 GHz,2 GB,32 GB,,https://www.arukereso.hu/mobiltelefon-c3277/xiaomi/redmi-9at-32gb-2gb-ram-dual-p583516002/#termek-leiras,,microSD (max. 256 GB),,,,
Érintőképernyős,nano-SIM,SoC/CPU: MediaTek Helio G85 MT6769ZGPU: Mali-G52 MC2,8 magos,2 GHz,4 GB,128 GB,,https://www.arukereso.hu/mobiltelefon-c3277/motorola/moto-g13-128gb-4gb-ram-dual-p925068834/#termek-leiras,,microSD,,,,
Érintőképernyős,nano-SIM,SoC/CPU: Unisoc T606GPU: Mali-G57 MP1,8 magos,1.6 GHz,8 GB,256 GB,,https://www.arukereso.hu/mobiltelefon-c3277/hmd/pulse-pro-256gb-8gb-ram-dual-p1074181015/#termek-leiras,,microSD,,,,
Érintőképernyős,nano-SIM,SoC/CPU: MediaTek Helio G36GPU: PowerVR GE8320,8 magos,2.2 GHz,2 GB,32 GB,,https://www.arukereso.hu/mobiltelefon-c3277/xiaomi/redmi-a2-32gb-2gb-ram-dual-p937982187/#termek-leiras,,microSD,,,,
Érintőképernyős,nano-SIM,SoC/CPU: Unisoc T606GPU: Mali-G57 MP1,8 magos,1.6 GHz,2 GB,64 GB,,https://www.arukereso.hu/mobiltelefon-c3277/motorola/moto-e13-64gb-2gb-ram-dual-p930643758/#termek-leiras,,microSD,,,,
Érintőképernyős,nano-SIM,SoC/CPU: MediaTek Helio G36GPU: PowerVR GE8320,8 magos,2.2 GHz,4 GB,128 GB,,https://www.arukereso.hu/mobiltelefon-c3277/xiaomi/redmi-a3-128gb-4gb-ram-dual-p1052994475/#termek-leiras,,microSD,,,,
Érintőképernyős,nano-SIM,SoC/CPU: Unisoc T606GPU: Mali-G57 MP1,8 magos,1.6 GHz,3 GB,64 GB,,https://www.arukereso.hu/mobiltelefon-c3277/infinix/smart-8-64gb-3gb-ram-dual-p1050072406/#termek-leiras,,microSD,,,,
Érintőképernyős,nano-SIM,SoC/CPU: Unisoc T606GPU: Mali-G57 MP1,8 magos,1.6 GHz,2 GB,64 GB,,https://www.arukereso.hu/mobiltelefon-c3277/motorola/moto-e14-64gb-2gb-ram-dual-p1090566247/#termek-leiras,,microSD,,,,
Érintőképernyős,nano-SIM,SoC/CPU: Unisoc T606GPU: Mali-G57 MP1,8 magos,1.6 GHz,4 GB,64 GB,,https://www.arukereso.hu/mobiltelefon-c3277/hmd/pulse-64gb-4gb-ram-dual-p1074182902/#termek-leiras,,microSD,,,,
Érintőképernyős,nano-SIM,SoC/CPU: MediaTek Helio A22 MT6761GPU: PowerVR GE8320,4 magos,2 GHz,2 GB,32 GB,,https://www.arukereso.hu/mobiltelefon-c3277/xiaomi/redmi-a1-32gb-2gb-ram-dual-p859989996/#termek-leiras,,microSD,,,,
Érintőképernyős,nano-SIM,SoC/CPU: MediaTek Helio G36GPU: PowerVR GE8320,8 magos,2.2 GHz,3 GB,64 GB,,https://www.arukereso.hu/mobiltelefon-c3277/xiaomi/redmi-a3-64gb-3gb-ram-dual-p1052994469/#termek-leiras,,microSD,,,,
Klasszikus,Normál méretű SIM (mini-SIM),,,,,,,https://www.arukereso.hu/mobiltelefon-c3277/evolveo/strongphone-w4-p1014780676/#termek-leiras,Nincs,microSD (max. 32 GB),1,"2.8""",,
Érintőképernyős,nano-SIM,SoC/CPU: Unisoc SC9863AGPU: IMG8322,8 magos,1.6 GHz,2 GB,32 GB,,https://www.arukereso.hu/mobiltelefon-c3277/zte/blade-a51-p760398477/#termek-leiras,,microSD,,,,
Klasszikus,nano-SIM,,,,,,,https://www.arukereso.hu/mobiltelefon-c3277/nokia/3210-4g-dual-p1078166515/#termek-leiras,,microSD (max. 32 GB),1,"2.4""",240 x 320 pixel,TFT
Összecsukható,nano-SIM,,,,,,,https://www.arukereso.hu/mobiltelefon-c3277/nokia/2660-flip-4g-dual-p850423407/#termek-leiras,Series 30,microSD,2,"2.8""",,
Klasszikus,Normál méretű SIM (mini-SIM),,,,,,,https://www.arukereso.hu/mobiltelefon-c3277/nokia/150-2023-dual-p984667629/#termek-leiras,,microSD,1,"2.4""",240 x 320 pixel,TFT
Nagy gombos,,,,,,,,https://www.arukereso.hu/mobiltelefon-c3277/sencor/element-p012s-p748031349/#termek-leiras,Nincs,microSD,1,"1.77""",128 x 160 pixel,
Klasszikus,nano-SIM,,,,,,,https://www.arukereso.hu/mobiltelefon-c3277/nokia/110-4g-2023-dual-p960975213/#termek-leiras,,microSD (max. 32 GB),1,"1.8""",120 x 160 pixel,TFT
Klasszikus,,,,,,,,https://www.arukereso.hu/mobiltelefon-c3277/sencor/element-p013-p873420771/#termek-leiras,Nincs,microSD (max. 32 GB),1,"1.77""",128 x 160 pixel,
