Title,Color,Memory,Status,Warranty,Price,Link
Apple iPhone 16 Pro Max,Natural Titanium,1 TB,Újszerű,2 év,721.990 Ft,https://www.rejoy.hu/hu/shop/apple/mobiltelefon-apple-iphone-16-pro-max-1tb-natural-titanium/75269321/?shape=%C3%9Ajszer%C5%B1
Apple iPhone 16 Pro Max,White Titanium,512 GB,Újszerű,2 év,631.990 Ft,https://www.rejoy.hu/hu/shop/apple/mobiltelefon-apple-iphone-16-pro-max-512gb-white-titanium/75269323/?shape=%C3%9Ajszer%C5%B1
Apple iPhone 15 Pro Max,Black Titanium,1 TB,Újszerű,2 év,588.990 Ft,https://www.rejoy.hu/hu/shop/apple/mobiltelefon-apple-iphone-15-pro-max-1tb-black-titanium/75267963/?shape=%C3%9Ajszer%C5%B1
Apple iPhone 15 Pro Max,Natural Titanium,1 TB,Kiváló,2 év,570.990 Ft,https://www.rejoy.hu/hu/shop/apple/mobiltelefon-apple-iphone-15-pro-max-1tb-natural-titanium/75267966/?shape=Kiv%C3%A1l%C3%B3
Apple iPhone 15 Pro,Blue Titanium,1 TB,Újszerű,2 év,524.990 Ft,https://www.rejoy.hu/hu/shop/apple/mobiltelefon-apple-iphone-15-pro-1tb-blue-titanium/75267953/?shape=%C3%9Ajszer%C5%B1
Apple iPhone 15 Pro,Black Titanium,1 TB,Kiváló,2 év,508.990 Ft,https://www.rejoy.hu/hu/shop/apple/mobiltelefon-apple-iphone-15-pro-1tb-black-titanium/75267945/?shape=Kiv%C3%A1l%C3%B3
Apple iPhone 15 Pro,Natural Titanium,1 TB,Kiváló,2 év,508.990 Ft,https://www.rejoy.hu/hu/shop/apple/mobiltelefon-apple-iphone-15-pro-1tb-natural-titanium/75267949/?shape=Kiv%C3%A1l%C3%B3
Apple iPhone 16,White,512 GB,Újszerű,2 év,493.990 Ft,https://www.rejoy.hu/hu/shop/apple/mobiltelefon-apple-iphone-16-512gb-white/75269279/?shape=%C3%9Ajszer%C5%B1
Apple iPhone 16 Pro,Desert Titanium,256 GB,Újszerű,2 év,493.990 Ft,https://www.rejoy.hu/hu/shop/apple/mobiltelefon-apple-iphone-16-pro-256gb-desert-titanium/75269576/?shape=%C3%9Ajszer%C5%B1
Apple iPhone 16 Plus,White,256 GB,Újszerű,2 év,466.990 Ft,https://www.rejoy.hu/hu/shop/apple/mobiltelefon-apple-iphone-16-plus-256gb-white/75269293/?shape=%C3%9Ajszer%C5%B1
Apple iPhone 15 Pro Max,Blue Titanium,512 GB,Újszerű,2 év,453.990 Ft,https://www.rejoy.hu/hu/shop/apple/mobiltelefon-apple-iphone-15-pro-max-512gb-blue-titanium/75267959/?shape=%C3%9Ajszer%C5%B1
Apple iPhone 15 Pro Max,Natural Titanium,512 GB,Újszerű,2 év,453.990 Ft,https://www.rejoy.hu/hu/shop/apple/mobiltelefon-apple-iphone-15-pro-max-512gb-natural-titanium/75267965/?shape=%C3%9Ajszer%C5%B1
Apple iPhone 15 Pro,Natural Titanium,512 GB,Újszerű,2 év,451.990 Ft,https://www.rejoy.hu/hu/shop/apple/mobiltelefon-apple-iphone-15-pro-512gb-natural-titanium/75267948/?shape=%C3%9Ajszer%C5%B1
Apple iPhone 15 Pro,Blue Titanium,512 GB,Újszerű,2 év,451.990 Ft,https://www.rejoy.hu/hu/shop/apple/mobiltelefon-apple-iphone-15-pro-512gb-blue-titanium/75267952/?shape=%C3%9Ajszer%C5%B1
Samsung Galaxy Z Fold6,Pink,256 GB,Újszerű,2 év,441.990 Ft,https://www.rejoy.hu/hu/shop/samsung/mobiltelefon-samsung-galaxy-z-fold6-256gb-pink/75269212/?shape=%C3%9Ajszer%C5%B1
Apple iPhone 14 Pro Max,Space Black,1 TB,Újszerű,2 év,440.990 Ft,https://www.rejoy.hu/hu/shop/apple/mobiltelefon-apple-iphone-14-pro-max-1tb-space-black/14685878/?shape=%C3%9Ajszer%C5%B1
Apple iPhone 14 Pro Max,Gold,1 TB,Újszerű,2 év,440.990 Ft,https://www.rejoy.hu/hu/shop/apple/mobiltelefon-apple-iphone-14-pro-max-1tb-gold/14685880/?shape=%C3%9Ajszer%C5%B1
Apple iPhone 15 Pro Max,Black Titanium,512 GB,Kiváló,2 év,440.990 Ft,https://www.rejoy.hu/hu/shop/apple/mobiltelefon-apple-iphone-15-pro-max-512gb-black-titanium/75267962/?shape=Kiv%C3%A1l%C3%B3
Apple iPhone 15 Pro,Black Titanium,512 GB,Kiváló,2 év,437.990 Ft,https://www.rejoy.hu/hu/shop/apple/mobiltelefon-apple-iphone-15-pro-512gb-black-titanium/75267944/?shape=Kiv%C3%A1l%C3%B3
Apple iPhone 15 Pro,White Titanium,512 GB,Nagyon jó,2 év,424.990 Ft,https://www.rejoy.hu/hu/shop/apple/mobiltelefon-apple-iphone-15-pro-512gb-white-titanium/75267956/?shape=Nagyon%20j%C3%B3
Apple iPhone 14 Pro Max,Deep Purple,1 TB,Nagyon jó,2 év,419.990 Ft,https://www.rejoy.hu/hu/shop/apple/mobiltelefon-apple-iphone-14-pro-max-1tb-deep-purple/14685881/?shape=Nagyon%20j%C3%B3
Apple iPhone 16 Plus,Ultramarine,128 GB,Újszerű,2 év,417.990 Ft,https://www.rejoy.hu/hu/shop/apple/mobiltelefon-apple-iphone-16-plus-128gb-ultramarine/75269615/?shape=%C3%9Ajszer%C5%B1
Apple iPhone 14 Pro,Deep Purple,1 TB,Újszerű,2 év,415.990 Ft,https://www.rejoy.hu/hu/shop/apple/mobiltelefon-apple-iphone-14-pro-1tb-deep-purple/14685865/?shape=%C3%9Ajszer%C5%B1
Apple iPhone 15 Pro Max,Blue Titanium,256 GB,Újszerű,2 év,409.990 Ft,https://www.rejoy.hu/hu/shop/apple/mobiltelefon-apple-iphone-15-pro-max-256gb-blue-titanium/75267958/?shape=%C3%9Ajszer%C5%B1
Apple iPhone 15 Pro Max,Natural Titanium,256 GB,Újszerű,2 év,409.990 Ft,https://www.rejoy.hu/hu/shop/apple/mobiltelefon-apple-iphone-15-pro-max-256gb-natural-titanium/75267964/?shape=%C3%9Ajszer%C5%B1
Apple iPhone 14 Pro Max,Silver,1 TB,Jó,2 év,408.990 Ft,https://www.rejoy.hu/hu/shop/apple/mobiltelefon-apple-iphone-14-pro-max-1tb-silver/14685879/?shape=J%C3%B3
Apple iPhone 16,White,256 GB,Újszerű,2 év,405.990 Ft,https://www.rejoy.hu/hu/shop/apple/mobiltelefon-apple-iphone-16-256gb-white/75269278/?shape=%C3%9Ajszer%C5%B1
Apple iPhone 16,Pink,256 GB,Újszerű,2 év,405.990 Ft,https://www.rejoy.hu/hu/shop/apple/mobiltelefon-apple-iphone-16-256gb-pink/75269281/?shape=%C3%9Ajszer%C5%B1
Apple iPhone 16,Teal,256 GB,Újszerű,2 év,405.990 Ft,https://www.rejoy.hu/hu/shop/apple/mobiltelefon-apple-iphone-16-256gb-teal/75269284/?shape=%C3%9Ajszer%C5%B1
Apple iPhone 14 Pro Max,Silver,512 GB,Újszerű,2 év,398.990 Ft,https://www.rejoy.hu/hu/shop/apple/mobiltelefon-apple-iphone-14-pro-max-512gb-silver/14685875/?shape=%C3%9Ajszer%C5%B1
Apple iPhone 15 Pro,Black Titanium,256 GB,Újszerű,2 év,394.990 Ft,https://www.rejoy.hu/hu/shop/apple/mobiltelefon-apple-iphone-15-pro-256gb-black-titanium/75267943/?shape=%C3%9Ajszer%C5%B1
Apple iPhone 15 Pro,White Titanium,256 GB,Újszerű,2 év,394.990 Ft,https://www.rejoy.hu/hu/shop/apple/mobiltelefon-apple-iphone-15-pro-256gb-white-titanium/75267955/?shape=%C3%9Ajszer%C5%B1
Apple iPhone 14 Pro Max,Space Black,512 GB,Kiváló,2 év,388.990 Ft,https://www.rejoy.hu/hu/shop/apple/mobiltelefon-apple-iphone-14-pro-max-512gb-space-black/14685874/?shape=Kiv%C3%A1l%C3%B3
Apple iPhone 14 Pro Max,Deep Purple,512 GB,Kiváló,2 év,388.990 Ft,https://www.rejoy.hu/hu/shop/apple/mobiltelefon-apple-iphone-14-pro-max-512gb-deep-purple/14685877/?shape=Kiv%C3%A1l%C3%B3
Apple iPhone 16 Pro Max,Natural Titanium,1 TB,Újszerű,2 év,721.990 Ft,https://www.rejoy.hu/hu/shop/apple/mobiltelefon-apple-iphone-16-pro-max-1tb-natural-titanium/75269321/?shape=%C3%9Ajszer%C5%B1
Apple iPhone 16 Pro Max,White Titanium,512 GB,Újszerű,2 év,631.990 Ft,https://www.rejoy.hu/hu/shop/apple/mobiltelefon-apple-iphone-16-pro-max-512gb-white-titanium/75269323/?shape=%C3%9Ajszer%C5%B1
Apple iPhone 15 Pro Max,Black Titanium,1 TB,Újszerű,2 év,588.990 Ft,https://www.rejoy.hu/hu/shop/apple/mobiltelefon-apple-iphone-15-pro-max-1tb-black-titanium/75267963/?shape=%C3%9Ajszer%C5%B1
Apple iPhone 15 Pro Max,Natural Titanium,1 TB,Kiváló,2 év,570.990 Ft,https://www.rejoy.hu/hu/shop/apple/mobiltelefon-apple-iphone-15-pro-max-1tb-natural-titanium/75267966/?shape=Kiv%C3%A1l%C3%B3
Apple iPhone 15 Pro Max,Black Titanium,256 GB,Nagyon jó,2 év,385.990 Ft,https://www.rejoy.hu/hu/shop/apple/mobiltelefon-apple-iphone-15-pro-max-256gb-black-titanium/75267961/?shape=Nagyon%20j%C3%B3
Apple iPhone 15 Pro Max,White Titanium,256 GB,Nagyon jó,2 év,385.990 Ft,https://www.rejoy.hu/hu/shop/apple/mobiltelefon-apple-iphone-15-pro-max-256gb-white-titanium/75267967/?shape=Nagyon%20j%C3%B3
Apple iPhone 15 Pro,Natural Titanium,256 GB,Kiváló,2 év,382.990 Ft,https://www.rejoy.hu/hu/shop/apple/mobiltelefon-apple-iphone-15-pro-256gb-natural-titanium/75267947/?shape=Kiv%C3%A1l%C3%B3
Apple iPhone 15 Pro,Blue Titanium,256 GB,Kiváló,2 év,382.990 Ft,https://www.rejoy.hu/hu/shop/apple/mobiltelefon-apple-iphone-15-pro-256gb-blue-titanium/75267951/?shape=Kiv%C3%A1l%C3%B3
Apple iPhone 14 Pro Max,Gold,512 GB,Nagyon jó,2 év,378.990 Ft,https://www.rejoy.hu/hu/shop/apple/mobiltelefon-apple-iphone-14-pro-max-512gb-gold/14685876/?shape=Nagyon%20j%C3%B3
Samsung Galaxy Z Fold5 Dual Sim,Icy Blue,256 GB,Újszerű,2 év,360.990 Ft,https://www.rejoy.hu/hu/shop/samsung/mobiltelefon-samsung-galaxy-z-fold5-dual-sim-256gb-icy-blue/75268261/?shape=%C3%9Ajszer%C5%B1
Huawei Mate Xs 2,White,512 GB,Újszerű,2 év,359.990 Ft,https://www.rejoy.hu/hu/shop/huawei/mobiltelefon-huawei-mate-xs-2-512gb-white/75268473/?shape=%C3%9Ajszer%C5%B1
Samsung Galaxy Z Fold5 Dual Sim,Blue,512 GB,Nagyon jó,2 év,356.990 Ft,https://www.rejoy.hu/hu/shop/samsung/mobiltelefon-samsung-galaxy-z-fold5-dual-sim-512gb-blue/75269145/?shape=Nagyon%20j%C3%B3
Apple iPhone 13 Pro Max,Sierra Blue,1 TB,Újszerű,2 év,355.990 Ft,https://www.rejoy.hu/hu/shop/apple/mobiltelefon-apple-iphone-13-pro-max-1tb-sierra-blue/69009/?shape=%C3%9Ajszer%C5%B1
Apple iPhone 14 Pro,Silver,512 GB,Nagyon jó,2 év,349.990 Ft,https://www.rejoy.hu/hu/shop/apple/mobiltelefon-apple-iphone-14-pro-512gb-silver/14685859/?shape=Nagyon%20j%C3%B3
Apple iPhone 14 Pro,Space Black,512 GB,Nagyon jó,2 év,349.990 Ft,https://www.rejoy.hu/hu/shop/apple/mobiltelefon-apple-iphone-14-pro-512gb-space-black/14685858/?shape=Nagyon%20j%C3%B3
Samsung Galaxy Z Fold5 Dual Sim,Phantom Black,256 GB,Kiváló,2 év,349.990 Ft,https://www.rejoy.hu/hu/shop/samsung/mobiltelefon-samsung-galaxy-z-fold5-dual-sim-256gb-phantom-black/75268264/?shape=Kiv%C3%A1l%C3%B3
Samsung Galaxy Z Fold5 Dual Sim,Phantom Black,512 GB,Jó,2 év,345.990 Ft,https://www.rejoy.hu/hu/shop/samsung/mobiltelefon-samsung-galaxy-z-fold5-dual-sim-512gb-phantom-black/75268265/?shape=J%C3%B3
Apple iPhone 14 Pro Max,Space Black,256 GB,Kiváló,2 év,343.990 Ft,https://www.rejoy.hu/hu/shop/apple/mobiltelefon-apple-iphone-14-pro-max-256gb-space-black/14685870/?shape=Kiv%C3%A1l%C3%B3
Apple iPhone 14 Pro Max,Deep Purple,256 GB,Kiváló,2 év,343.990 Ft,https://www.rejoy.hu/hu/shop/apple/mobiltelefon-apple-iphone-14-pro-max-256gb-deep-purple/14685873/?shape=Kiv%C3%A1l%C3%B3
Apple iPhone 15 Plus,Blue,256 GB,Újszerű,2 év,340.990 Ft,https://www.rejoy.hu/hu/shop/apple/mobiltelefon-apple-iphone-15-plus-256gb-blue/75267971/?shape=%C3%9Ajszer%C5%B1
Apple iPhone 15 Plus,Pink,256 GB,Újszerű,2 év,340.990 Ft,https://www.rejoy.hu/hu/shop/apple/mobiltelefon-apple-iphone-15-plus-256gb-pink/75267974/?shape=%C3%9Ajszer%C5%B1
Apple iPhone 15 Plus,Yellow,256 GB,Újszerű,2 év,340.990 Ft,https://www.rejoy.hu/hu/shop/apple/mobiltelefon-apple-iphone-15-plus-256gb-yellow/75267980/?shape=%C3%9Ajszer%C5%B1
Apple iPhone 14 Pro,Deep Purple,512 GB,Jó,2 év,338.990 Ft,https://www.rejoy.hu/hu/shop/apple/mobiltelefon-apple-iphone-14-pro-512gb-deep-purple/14685861/?shape=J%C3%B3
Apple iPhone 15 Pro,Blue Titanium,128 GB,Újszerű,2 év,335.990 Ft,https://www.rejoy.hu/hu/shop/apple/mobiltelefon-apple-iphone-15-pro-128gb-blue-titanium/75267950/?shape=%C3%9Ajszer%C5%B1
Apple iPhone 13 Pro Max,Gold,1 TB,Nagyon jó,2 év,333.990 Ft,https://www.rejoy.hu/hu/shop/apple/mobiltelefon-apple-iphone-13-pro-max-1tb-gold/69007/?shape=Nagyon%20j%C3%B3
Apple iPhone 13 Pro Max,Silver,1 TB,Nagyon jó,2 év,333.990 Ft,https://www.rejoy.hu/hu/shop/apple/mobiltelefon-apple-iphone-13-pro-max-1tb-silver/69008/?shape=Nagyon%20j%C3%B3
Apple iPhone 15 Plus,Black,256 GB,Kiváló,2 év,330.990 Ft,https://www.rejoy.hu/hu/shop/apple/mobiltelefon-apple-iphone-15-plus-256gb-black/75267977/?shape=Kiv%C3%A1l%C3%B3
Apple iPhone 14 Pro Max,Gold,256 GB,Jó,2 év,328.990 Ft,https://www.rejoy.hu/hu/shop/apple/mobiltelefon-apple-iphone-14-pro-max-256gb-gold/14685872/?shape=J%C3%B3
Apple iPhone 15 Pro,Black Titanium,128 GB,Kiváló,2 év,325.990 Ft,https://www.rejoy.hu/hu/shop/apple/mobiltelefon-apple-iphone-15-pro-128gb-black-titanium/75267942/?shape=Kiv%C3%A1l%C3%B3
Apple iPhone 13 Pro Max,Graphite,512 GB,Újszerű,2 év,315.990 Ft,https://www.rejoy.hu/hu/shop/apple/mobiltelefon-apple-iphone-13-pro-max-512gb-graphite/69002/?shape=%C3%9Ajszer%C5%B1
Apple iPhone 13 Pro Max,Sierra Blue,512 GB,Újszerű,2 év,315.990 Ft,https://www.rejoy.hu/hu/shop/apple/mobiltelefon-apple-iphone-13-pro-max-512gb-sierra-blue/69005/?shape=%C3%9Ajszer%C5%B1
Apple iPhone 13 Pro Max,Green,512 GB,Újszerű,2 év,315.990 Ft,https://www.rejoy.hu/hu/shop/apple/mobiltelefon-apple-iphone-13-pro-max-512gb-green/111535/?shape=%C3%9Ajszer%C5%B1
Apple iPhone 13 Pro,Silver,1 TB,Újszerű,2 év,315.990 Ft,https://www.rejoy.hu/hu/shop/apple/mobiltelefon-apple-iphone-13-pro-1tb-silver/68991/?shape=%C3%9Ajszer%C5%B1
Apple iPhone 15 Pro,Natural Titanium,128 GB,Nagyon jó,2 év,315.990 Ft,https://www.rejoy.hu/hu/shop/apple/mobiltelefon-apple-iphone-15-pro-128gb-natural-titanium/75267946/?shape=Nagyon%20j%C3%B3
Apple iPhone 15 Pro,White Titanium,128 GB,Nagyon jó,2 év,315.990 Ft,https://www.rejoy.hu/hu/shop/apple/mobiltelefon-apple-iphone-15-pro-128gb-white-titanium/75267954/?shape=Nagyon%20j%C3%B3
Apple iPhone 14 Pro,Space Black,256 GB,Kiváló,2 év,314.990 Ft,https://www.rejoy.hu/hu/shop/apple/mobiltelefon-apple-iphone-14-pro-256gb-space-black/14685854/?shape=Kiv%C3%A1l%C3%B3
Apple iPhone 14 Pro,Deep Purple,256 GB,Kiváló,2 év,314.990 Ft,https://www.rejoy.hu/hu/shop/apple/mobiltelefon-apple-iphone-14-pro-256gb-deep-purple/14685857/?shape=Kiv%C3%A1l%C3%B3
Apple iPhone 13 Pro Max,Silver,512 GB,Kiváló,2 év,312.990 Ft,https://www.rejoy.hu/hu/shop/apple/mobiltelefon-apple-iphone-13-pro-max-512gb-silver/69004/?shape=Kiv%C3%A1l%C3%B3
Apple iPhone 15 Pro Max,Black Titanium,256 GB,Nagyon jó,2 év,385.990 Ft,https://www.rejoy.hu/hu/shop/apple/mobiltelefon-apple-iphone-15-pro-max-256gb-black-titanium/75267961/?shape=Nagyon%20j%C3%B3
Apple iPhone 15 Pro Max,White Titanium,256 GB,Nagyon jó,2 év,385.990 Ft,https://www.rejoy.hu/hu/shop/apple/mobiltelefon-apple-iphone-15-pro-max-256gb-white-titanium/75267967/?shape=Nagyon%20j%C3%B3
Apple iPhone 15 Pro,Natural Titanium,256 GB,Kiváló,2 év,382.990 Ft,https://www.rejoy.hu/hu/shop/apple/mobiltelefon-apple-iphone-15-pro-256gb-natural-titanium/75267947/?shape=Kiv%C3%A1l%C3%B3
Apple iPhone 15 Pro,Blue Titanium,256 GB,Kiváló,2 év,382.990 Ft,https://www.rejoy.hu/hu/shop/apple/mobiltelefon-apple-iphone-15-pro-256gb-blue-titanium/75267951/?shape=Kiv%C3%A1l%C3%B3
Apple iPhone 15,Black,512 GB,Nagyon jó,2 év,312.990 Ft,https://www.rejoy.hu/hu/shop/apple/mobiltelefon-apple-iphone-15-512gb-black/75267923/?shape=Nagyon%20j%C3%B3
Apple iPhone 15,Pink,512 GB,Nagyon jó,2 év,312.990 Ft,https://www.rejoy.hu/hu/shop/apple/mobiltelefon-apple-iphone-15-512gb-pink/75267926/?shape=Nagyon%20j%C3%B3
Apple iPhone 15,Black,256 GB,Újszerű,2 év,308.990 Ft,https://www.rejoy.hu/hu/shop/apple/mobiltelefon-apple-iphone-15-256gb-black/75267922/?shape=%C3%9Ajszer%C5%B1
Apple iPhone 15,Pink,256 GB,Újszerű,2 év,308.990 Ft,https://www.rejoy.hu/hu/shop/apple/mobiltelefon-apple-iphone-15-256gb-pink/75267925/?shape=%C3%9Ajszer%C5%B1
Apple iPhone 15,Green,256 GB,Újszerű,2 év,308.990 Ft,https://www.rejoy.hu/hu/shop/apple/mobiltelefon-apple-iphone-15-256gb-green/75267928/?shape=%C3%9Ajszer%C5%B1
Apple iPhone 15,Yellow,256 GB,Újszerű,2 év,308.990 Ft,https://www.rejoy.hu/hu/shop/apple/mobiltelefon-apple-iphone-15-256gb-yellow/75267931/?shape=%C3%9Ajszer%C5%B1
Apple iPhone 15,Blue,256 GB,Újszerű,2 év,308.990 Ft,https://www.rejoy.hu/hu/shop/apple/mobiltelefon-apple-iphone-15-256gb-blue/75267934/?shape=%C3%9Ajszer%C5%B1
Apple iPhone 13 Pro,Gold,1 TB,Kiváló,2 év,307.990 Ft,https://www.rejoy.hu/hu/shop/apple/mobiltelefon-apple-iphone-13-pro-1tb-gold/68990/?shape=Kiv%C3%A1l%C3%B3
Apple iPhone 13 Pro,Sierra Blue,1 TB,Kiváló,2 év,307.990 Ft,https://www.rejoy.hu/hu/shop/apple/mobiltelefon-apple-iphone-13-pro-1tb-sierra-blue/68992/?shape=Kiv%C3%A1l%C3%B3
Apple iPhone 13 Pro Max,Gold,512 GB,Nagyon jó,2 év,306.990 Ft,https://www.rejoy.hu/hu/shop/apple/mobiltelefon-apple-iphone-13-pro-max-512gb-gold/69003/?shape=Nagyon%20j%C3%B3
Apple iPhone 14 Pro Max,Silver,128 GB,Újszerű,2 év,306.990 Ft,https://www.rejoy.hu/hu/shop/apple/mobiltelefon-apple-iphone-14-pro-max-128gb-silver/14685867/?shape=%C3%9Ajszer%C5%B1
Apple iPhone 15 Plus,Black,128 GB,Újszerű,2 év,305.990 Ft,https://www.rejoy.hu/hu/shop/apple/mobiltelefon-apple-iphone-15-plus-128gb-black/75267976/?shape=%C3%9Ajszer%C5%B1
Apple iPhone 14 Pro Max,Space Black,128 GB,Kiváló,2 év,302.990 Ft,https://www.rejoy.hu/hu/shop/apple/mobiltelefon-apple-iphone-14-pro-max-128gb-space-black/14685866/?shape=Kiv%C3%A1l%C3%B3
Apple iPhone 14 Pro Max,Deep Purple,128 GB,Kiváló,2 év,302.990 Ft,https://www.rejoy.hu/hu/shop/apple/mobiltelefon-apple-iphone-14-pro-max-128gb-deep-purple/14685869/?shape=Kiv%C3%A1l%C3%B3
Apple iPhone 14 Plus,Purple,512 GB,Nagyon jó,2 év,302.990 Ft,https://www.rejoy.hu/hu/shop/apple/mobiltelefon-apple-iphone-14-plus-512gb-purple/14685846/?shape=Nagyon%20j%C3%B3
Apple iPhone 14 Pro Max,Gold,128 GB,Nagyon jó,2 év,296.990 Ft,https://www.rejoy.hu/hu/shop/apple/mobiltelefon-apple-iphone-14-pro-max-128gb-gold/14685868/?shape=Nagyon%20j%C3%B3
Apple iPhone 14,Blue,512 GB,Kiváló,2 év,295.990 Ft,https://www.rejoy.hu/hu/shop/apple/mobiltelefon-apple-iphone-14-512gb-blue/14685833/?shape=Kiv%C3%A1l%C3%B3
Apple iPhone 14,Purple,512 GB,Kiváló,2 év,295.990 Ft,https://www.rejoy.hu/hu/shop/apple/mobiltelefon-apple-iphone-14-512gb-purple/14685831/?shape=Kiv%C3%A1l%C3%B3
Apple iPhone 14,Red,512 GB,Kiváló,2 év,295.990 Ft,https://www.rejoy.hu/hu/shop/apple/mobiltelefon-apple-iphone-14-512gb-red/14685834/?shape=Kiv%C3%A1l%C3%B3
Apple iPhone 14 Pro,Gold,256 GB,Nagyon jó,2 év,288.990 Ft,https://www.rejoy.hu/hu/shop/apple/mobiltelefon-apple-iphone-14-pro-256gb-gold/14685856/?shape=Nagyon%20j%C3%B3
Apple iPhone 14,Midnight,512 GB,Nagyon jó,2 év,286.990 Ft,https://www.rejoy.hu/hu/shop/apple/mobiltelefon-apple-iphone-14-512gb-midnight/14685830/?shape=Nagyon%20j%C3%B3
Apple iPhone 14,Starlight,512 GB,Nagyon jó,2 év,286.990 Ft,https://www.rejoy.hu/hu/shop/apple/mobiltelefon-apple-iphone-14-512gb-starlight/14685832/?shape=Nagyon%20j%C3%B3
Apple iPhone 13 Pro,Green,1 TB,Jó,2 év,285.990 Ft,https://www.rejoy.hu/hu/shop/apple/mobiltelefon-apple-iphone-13-pro-1tb-green/111520/?shape=J%C3%B3
Apple iPhone 14 Pro,Silver,128 GB,Újszerű,2 év,284.990 Ft,https://www.rejoy.hu/hu/shop/apple/mobiltelefon-apple-iphone-14-pro-128gb-silver/14685851/?shape=%C3%9Ajszer%C5%B1
Apple iPhone 13 Pro Max,Silver,256 GB,Újszerű,2 év,282.990 Ft,https://www.rejoy.hu/hu/shop/apple/mobiltelefon-apple-iphone-13-pro-max-256gb-silver/69000/?shape=%C3%9Ajszer%C5%B1
Apple iPhone 13 Pro Max,Sierra Blue,256 GB,Újszerű,2 év,282.990 Ft,https://www.rejoy.hu/hu/shop/apple/mobiltelefon-apple-iphone-13-pro-max-256gb-sierra-blue/69001/?shape=%C3%9Ajszer%C5%B1
Apple iPhone 13 Pro,Gold,512 GB,Újszerű,2 év,282.990 Ft,https://www.rejoy.hu/hu/shop/apple/mobiltelefon-apple-iphone-13-pro-512gb-gold/68987/?shape=%C3%9Ajszer%C5%B1
Apple iPhone 13 Pro,Sierra Blue,512 GB,Újszerű,2 év,282.990 Ft,https://www.rejoy.hu/hu/shop/apple/mobiltelefon-apple-iphone-13-pro-512gb-sierra-blue/68989/?shape=%C3%9Ajszer%C5%B1
Apple iPhone 13 Pro Max,Gold,256 GB,Újszerű,2 év,282.990 Ft,https://www.rejoy.hu/hu/shop/apple/mobiltelefon-apple-iphone-13-pro-max-256gb-gold/68999/?shape=%C3%9Ajszer%C5%B1
Apple iPhone 13 Pro,Graphite,512 GB,Újszerű,2 év,282.990 Ft,https://www.rejoy.hu/hu/shop/apple/mobiltelefon-apple-iphone-13-pro-512gb-graphite/68986/?shape=%C3%9Ajszer%C5%B1
Apple iPhone 15,Pink,128 GB,Újszerű,2 év,279.990 Ft,https://www.rejoy.hu/hu/shop/apple/mobiltelefon-apple-iphone-15-128gb-pink/75267924/?shape=%C3%9Ajszer%C5%B1
Apple iPhone 14 Pro,Space Black,128 GB,Kiváló,2 év,274.990 Ft,https://www.rejoy.hu/hu/shop/apple/mobiltelefon-apple-iphone-14-pro-128gb-space-black/14685850/?shape=Kiv%C3%A1l%C3%B3
Apple iPhone 14 Pro,Deep Purple,128 GB,Kiváló,2 év,274.990 Ft,https://www.rejoy.hu/hu/shop/apple/mobiltelefon-apple-iphone-14-pro-128gb-deep-purple/14685853/?shape=Kiv%C3%A1l%C3%B3
Apple iPhone 14 Pro,Gold,128 GB,Kiváló,2 év,274.990 Ft,https://www.rejoy.hu/hu/shop/apple/mobiltelefon-apple-iphone-14-pro-128gb-gold/14685852/?shape=Kiv%C3%A1l%C3%B3
Apple iPhone 15,Black,512 GB,Nagyon jó,2 év,312.990 Ft,https://www.rejoy.hu/hu/shop/apple/mobiltelefon-apple-iphone-15-512gb-black/75267923/?shape=Nagyon%20j%C3%B3
Apple iPhone 15,Pink,512 GB,Nagyon jó,2 év,312.990 Ft,https://www.rejoy.hu/hu/shop/apple/mobiltelefon-apple-iphone-15-512gb-pink/75267926/?shape=Nagyon%20j%C3%B3
Apple iPhone 15,Black,256 GB,Újszerű,2 év,308.990 Ft,https://www.rejoy.hu/hu/shop/apple/mobiltelefon-apple-iphone-15-256gb-black/75267922/?shape=%C3%9Ajszer%C5%B1
Apple iPhone 15,Pink,256 GB,Újszerű,2 év,308.990 Ft,https://www.rejoy.hu/hu/shop/apple/mobiltelefon-apple-iphone-15-256gb-pink/75267925/?shape=%C3%9Ajszer%C5%B1
Apple iPhone 13 Pro Max,Green,256 GB,Kiváló,2 év,272.990 Ft,https://www.rejoy.hu/hu/shop/apple/mobiltelefon-apple-iphone-13-pro-max-256gb-green/111530/?shape=Kiv%C3%A1l%C3%B3
Apple iPhone 13 Pro Max,Graphite,256 GB,Kiváló,2 év,272.990 Ft,https://www.rejoy.hu/hu/shop/apple/mobiltelefon-apple-iphone-13-pro-max-256gb-graphite/68998/?shape=Kiv%C3%A1l%C3%B3
Apple iPhone 15,Black,128 GB,Kiváló,2 év,271.990 Ft,https://www.rejoy.hu/hu/shop/apple/mobiltelefon-apple-iphone-15-128gb-black/75267921/?shape=Kiv%C3%A1l%C3%B3
Samsung Galaxy Z Fold4 5G Dual Sim,Phantom Black,256 GB,Újszerű,2 év,267.990 Ft,https://www.rejoy.hu/hu/shop/samsung/mobiltelefon-samsung-galaxy-z-fold4-5g-dual-sim-256gb-phantom-black/74944131/?shape=%C3%9Ajszer%C5%B1
Samsung Galaxy Z Fold4 5G Dual Sim,Graygreen,256 GB,Újszerű,2 év,267.990 Ft,https://www.rejoy.hu/hu/shop/samsung/mobiltelefon-samsung-galaxy-z-fold4-5g-dual-sim-256gb-graygreen/74944134/?shape=%C3%9Ajszer%C5%B1
Apple iPhone 13 Pro Max,Graphite,128 GB,Újszerű,2 év,259.990 Ft,https://www.rejoy.hu/hu/shop/apple/mobiltelefon-apple-iphone-13-pro-max-128gb-graphite/68994/?shape=%C3%9Ajszer%C5%B1
Apple iPhone 13 Pro Max,Gold,128 GB,Újszerű,2 év,259.990 Ft,https://www.rejoy.hu/hu/shop/apple/mobiltelefon-apple-iphone-13-pro-max-128gb-gold/68995/?shape=%C3%9Ajszer%C5%B1
Apple iPhone 13 Pro Max,Silver,128 GB,Újszerű,2 év,259.990 Ft,https://www.rejoy.hu/hu/shop/apple/mobiltelefon-apple-iphone-13-pro-max-128gb-silver/68996/?shape=%C3%9Ajszer%C5%B1
Apple iPhone 13 Pro Max,Sierra Blue,128 GB,Újszerű,2 év,259.990 Ft,https://www.rejoy.hu/hu/shop/apple/mobiltelefon-apple-iphone-13-pro-max-128gb-sierra-blue/68997/?shape=%C3%9Ajszer%C5%B1
Apple iPhone 13 Pro Max,Green,128 GB,Újszerű,2 év,259.990 Ft,https://www.rejoy.hu/hu/shop/apple/mobiltelefon-apple-iphone-13-pro-max-128gb-green/111525/?shape=%C3%9Ajszer%C5%B1
Apple iPhone 13 Pro,Graphite,256 GB,Újszerű,2 év,256.990 Ft,https://www.rejoy.hu/hu/shop/apple/mobiltelefon-apple-iphone-13-pro-256gb-graphite/68982/?shape=%C3%9Ajszer%C5%B1
Apple iPhone 13 Pro,Gold,256 GB,Újszerű,2 év,256.990 Ft,https://www.rejoy.hu/hu/shop/apple/mobiltelefon-apple-iphone-13-pro-256gb-gold/68983/?shape=%C3%9Ajszer%C5%B1
Apple iPhone 13 Pro,Silver,256 GB,Újszerű,2 év,256.990 Ft,https://www.rejoy.hu/hu/shop/apple/mobiltelefon-apple-iphone-13-pro-256gb-silver/68984/?shape=%C3%9Ajszer%C5%B1
Apple iPhone 13 Pro,Sierra Blue,256 GB,Újszerű,2 év,256.990 Ft,https://www.rejoy.hu/hu/shop/apple/mobiltelefon-apple-iphone-13-pro-256gb-sierra-blue/68985/?shape=%C3%9Ajszer%C5%B1
Apple iPhone 13 Pro,Green,256 GB,Újszerű,2 év,256.990 Ft,https://www.rejoy.hu/hu/shop/apple/mobiltelefon-apple-iphone-13-pro-256gb-green/111510/?shape=%C3%9Ajszer%C5%B1
Apple iPhone 14 Plus,Midnight,256 GB,Kiváló,2 év,253.990 Ft,https://www.rejoy.hu/hu/shop/apple/mobiltelefon-apple-iphone-14-plus-256gb-midnight/14685840/?shape=Kiv%C3%A1l%C3%B3
Apple iPhone 14,Midnight,256 GB,Újszerű,2 év,251.990 Ft,https://www.rejoy.hu/hu/shop/apple/mobiltelefon-apple-iphone-14-256gb-midnight/23916104/?shape=%C3%9Ajszer%C5%B1
Apple iPhone 14,Purple,256 GB,Újszerű,2 év,251.990 Ft,https://www.rejoy.hu/hu/shop/apple/mobiltelefon-apple-iphone-14-256gb-purple/23916105/?shape=%C3%9Ajszer%C5%B1
Apple iPhone 14,Starlight,256 GB,Újszerű,2 év,251.990 Ft,https://www.rejoy.hu/hu/shop/apple/mobiltelefon-apple-iphone-14-256gb-starlight/23916106/?shape=%C3%9Ajszer%C5%B1
Apple iPhone 14,Blue,256 GB,Újszerű,2 év,251.990 Ft,https://www.rejoy.hu/hu/shop/apple/mobiltelefon-apple-iphone-14-256gb-blue/23916107/?shape=%C3%9Ajszer%C5%B1
Apple iPhone 14,Red,256 GB,Újszerű,2 év,251.990 Ft,https://www.rejoy.hu/hu/shop/apple/mobiltelefon-apple-iphone-14-256gb-red/23916108/?shape=%C3%9Ajszer%C5%B1
Apple iPhone 13 Pro,Graphite,128 GB,Újszerű,2 év,239.990 Ft,https://www.rejoy.hu/hu/shop/apple/mobiltelefon-apple-iphone-13-pro-128gb-graphite/68978/?shape=%C3%9Ajszer%C5%B1
Apple iPhone 13 Pro,Gold,128 GB,Újszerű,2 év,239.990 Ft,https://www.rejoy.hu/hu/shop/apple/mobiltelefon-apple-iphone-13-pro-128gb-gold/68979/?shape=%C3%9Ajszer%C5%B1
Apple iPhone 13 Pro,Sierra Blue,128 GB,Újszerű,2 év,239.990 Ft,https://www.rejoy.hu/hu/shop/apple/mobiltelefon-apple-iphone-13-pro-128gb-sierra-blue/68981/?shape=%C3%9Ajszer%C5%B1
Apple iPhone 13 Pro,Green,128 GB,Újszerű,2 év,239.990 Ft,https://www.rejoy.hu/hu/shop/apple/mobiltelefon-apple-iphone-13-pro-128gb-green/111505/?shape=%C3%9Ajszer%C5%B1
Apple iPhone 14 Plus,Yellow,128 GB,Újszerű,2 év,238.990 Ft,https://www.rejoy.hu/hu/shop/apple/mobiltelefon-apple-iphone-14-plus-128gb-yellow/75262896/?shape=%C3%9Ajszer%C5%B1
Apple iPhone 14 Plus,Midnight,128 GB,Újszerű,2 év,238.990 Ft,https://www.rejoy.hu/hu/shop/apple/mobiltelefon-apple-iphone-14-plus-128gb-midnight/14685835/?shape=%C3%9Ajszer%C5%B1
Apple iPhone 14 Plus,Purple,128 GB,Újszerű,2 év,238.990 Ft,https://www.rejoy.hu/hu/shop/apple/mobiltelefon-apple-iphone-14-plus-128gb-purple/14685836/?shape=%C3%9Ajszer%C5%B1
Apple iPhone 14 Plus,Starlight,128 GB,Újszerű,2 év,238.990 Ft,https://www.rejoy.hu/hu/shop/apple/mobiltelefon-apple-iphone-14-plus-128gb-starlight/14685837/?shape=%C3%9Ajszer%C5%B1
Apple iPhone 14 Plus,Blue,128 GB,Újszerű,2 év,238.990 Ft,https://www.rejoy.hu/hu/shop/apple/mobiltelefon-apple-iphone-14-plus-128gb-blue/14685838/?shape=%C3%9Ajszer%C5%B1
Samsung Galaxy S23 Ultra 5G Dual Sim,Phantom Black,512 GB,Nagyon jó,2 év,232.990 Ft,https://www.rejoy.hu/hu/shop/samsung/mobiltelefon-samsung-galaxy-s23-ultra-5g-dual-sim-512gb-phantom-black/75239565/?shape=Nagyon%20j%C3%B3
Apple iPhone 12 Pro Max,Silver,512 GB,Nagyon jó,2 év,231.990 Ft,https://www.rejoy.hu/hu/shop/apple/mobiltelefon-apple-iphone-12-pro-max-512gb-silver/1134/?shape=Nagyon%20j%C3%B3
Apple iPhone 12 Pro Max,Graphite,512 GB,Nagyon jó,2 év,231.990 Ft,https://www.rejoy.hu/hu/shop/apple/mobiltelefon-apple-iphone-12-pro-max-512gb-graphite/1135/?shape=Nagyon%20j%C3%B3
Apple iPhone 14 Plus,Red,128 GB,Kiváló,2 év,231.990 Ft,https://www.rejoy.hu/hu/shop/apple/mobiltelefon-apple-iphone-14-plus-128gb-red/14685839/?shape=Kiv%C3%A1l%C3%B3
Apple iPhone 13 Pro Max,Green,256 GB,Kiváló,2 év,272.990 Ft,https://www.rejoy.hu/hu/shop/apple/mobiltelefon-apple-iphone-13-pro-max-256gb-green/111530/?shape=Kiv%C3%A1l%C3%B3
Apple iPhone 13 Pro Max,Graphite,256 GB,Kiváló,2 év,272.990 Ft,https://www.rejoy.hu/hu/shop/apple/mobiltelefon-apple-iphone-13-pro-max-256gb-graphite/68998/?shape=Kiv%C3%A1l%C3%B3
Apple iPhone 15,Black,128 GB,Kiváló,2 év,271.990 Ft,https://www.rejoy.hu/hu/shop/apple/mobiltelefon-apple-iphone-15-128gb-black/75267921/?shape=Kiv%C3%A1l%C3%B3
Samsung Galaxy Z Fold4 5G Dual Sim,Phantom Black,256 GB,Újszerű,2 év,267.990 Ft,https://www.rejoy.hu/hu/shop/samsung/mobiltelefon-samsung-galaxy-z-fold4-5g-dual-sim-256gb-phantom-black/74944131/?shape=%C3%9Ajszer%C5%B1
Samsung Galaxy Z Flip5,Graphite,512 GB,Nagyon jó,2 év,228.990 Ft,https://www.rejoy.hu/hu/shop/samsung/mobiltelefon-samsung-galaxy-z-flip5-512gb-graphite/75268247/?shape=Nagyon%20j%C3%B3
Apple iPhone 12 Pro Max,Gold,256 GB,Újszerű,2 év,225.990 Ft,https://www.rejoy.hu/hu/shop/apple/mobiltelefon-apple-iphone-12-pro-max-256gb-gold/1132/?shape=%C3%9Ajszer%C5%B1
Apple iPhone 12 Pro Max,Pacific Blue,256 GB,Újszerű,2 év,225.990 Ft,https://www.rejoy.hu/hu/shop/apple/mobiltelefon-apple-iphone-12-pro-max-256gb-pacific-blue/1133/?shape=%C3%9Ajszer%C5%B1
Huawei P60 Pro Dual Sim,Rococo Pearl,256 GB,Újszerű,2 év,223.990 Ft,https://www.rejoy.hu/hu/shop/huawei/mobiltelefon-huawei-p60-pro-dual-sim-256gb-rococo-pearl/75268563/?shape=%C3%9Ajszer%C5%B1
Apple iPhone 14,Yellow,128 GB,Újszerű,2 év,222.990 Ft,https://www.rejoy.hu/hu/shop/apple/mobiltelefon-apple-iphone-14-128gb-yellow/75262890/?shape=%C3%9Ajszer%C5%B1
Apple iPhone 14,Midnight,128 GB,Újszerű,2 év,222.990 Ft,https://www.rejoy.hu/hu/shop/apple/mobiltelefon-apple-iphone-14-128gb-midnight/14685825/?shape=%C3%9Ajszer%C5%B1
Apple iPhone 14,Purple,128 GB,Újszerű,2 év,222.990 Ft,https://www.rejoy.hu/hu/shop/apple/mobiltelefon-apple-iphone-14-128gb-purple/14685826/?shape=%C3%9Ajszer%C5%B1
Apple iPhone 14,Starlight,128 GB,Újszerű,2 év,222.990 Ft,https://www.rejoy.hu/hu/shop/apple/mobiltelefon-apple-iphone-14-128gb-starlight/14685827/?shape=%C3%9Ajszer%C5%B1
Apple iPhone 13 Pro,Silver,128 GB,Kiváló,2 év,222.990 Ft,https://www.rejoy.hu/hu/shop/apple/mobiltelefon-apple-iphone-13-pro-128gb-silver/68980/?shape=Kiv%C3%A1l%C3%B3
Apple iPhone 14,Blue,128 GB,Újszerű,2 év,222.990 Ft,https://www.rejoy.hu/hu/shop/apple/mobiltelefon-apple-iphone-14-128gb-blue/14685828/?shape=%C3%9Ajszer%C5%B1
Apple iPhone 14,Red,128 GB,Újszerű,2 év,222.990 Ft,https://www.rejoy.hu/hu/shop/apple/mobiltelefon-apple-iphone-14-128gb-red/14685829/?shape=%C3%9Ajszer%C5%B1
Samsung Galaxy Z Flip5,Lavender,256 GB,Újszerű,2 év,221.990 Ft,https://www.rejoy.hu/hu/shop/samsung/mobiltelefon-samsung-galaxy-z-flip5-256gb-lavender/75268248/?shape=%C3%9Ajszer%C5%B1
Apple iPhone 12 Pro Max,Graphite,256 GB,Kiváló,2 év,219.990 Ft,https://www.rejoy.hu/hu/shop/apple/mobiltelefon-apple-iphone-12-pro-max-256gb-graphite/1131/?shape=Kiv%C3%A1l%C3%B3
Huawei P60 Pro Dual Sim,Black,256 GB,Kiváló,2 év,217.990 Ft,https://www.rejoy.hu/hu/shop/huawei/mobiltelefon-huawei-p60-pro-dual-sim-256gb-black/75268561/?shape=Kiv%C3%A1l%C3%B3
Samsung Galaxy Z Flip5,Graphite,256 GB,Kiváló,2 év,214.990 Ft,https://www.rejoy.hu/hu/shop/samsung/mobiltelefon-samsung-galaxy-z-flip5-256gb-graphite/75268246/?shape=Kiv%C3%A1l%C3%B3
Apple iPhone 12 Pro,Gold,512 GB,Kiváló,2 év,211.990 Ft,https://www.rejoy.hu/hu/shop/apple/mobiltelefon-apple-iphone-12-pro-512gb-gold/1124/?shape=Kiv%C3%A1l%C3%B3
Apple iPhone 12 Pro Max,Silver,256 GB,Nagyon jó,2 év,209.990 Ft,https://www.rejoy.hu/hu/shop/apple/mobiltelefon-apple-iphone-12-pro-max-256gb-silver/1130/?shape=Nagyon%20j%C3%B3
Apple iPhone 12 Pro,Silver,512 GB,Nagyon jó,2 év,204.990 Ft,https://www.rejoy.hu/hu/shop/apple/mobiltelefon-apple-iphone-12-pro-512gb-silver/1122/?shape=Nagyon%20j%C3%B3
Apple iPhone 12 Pro,Pacific Blue,512 GB,Nagyon jó,2 év,204.990 Ft,https://www.rejoy.hu/hu/shop/apple/mobiltelefon-apple-iphone-12-pro-512gb-pacific-blue/1125/?shape=Nagyon%20j%C3%B3
Apple iPhone 12 Pro Max,Graphite,128 GB,Újszerű,2 év,203.990 Ft,https://www.rejoy.hu/hu/shop/apple/mobiltelefon-apple-iphone-12-pro-max-128gb-graphite/1127/?shape=%C3%9Ajszer%C5%B1
Apple iPhone 12 Pro Max,Gold,128 GB,Újszerű,2 év,203.990 Ft,https://www.rejoy.hu/hu/shop/apple/mobiltelefon-apple-iphone-12-pro-max-128gb-gold/1128/?shape=%C3%9Ajszer%C5%B1
Apple iPhone 12 Pro Max,Pacific Blue,128 GB,Újszerű,2 év,203.990 Ft,https://www.rejoy.hu/hu/shop/apple/mobiltelefon-apple-iphone-12-pro-max-128gb-pacific-blue/1129/?shape=%C3%9Ajszer%C5%B1
Apple iPhone 13 mini,Pink,256 GB,Újszerű,2 év,203.990 Ft,https://www.rejoy.hu/hu/shop/apple/mobiltelefon-apple-iphone-13-mini-256gb-pink/68956/?shape=%C3%9Ajszer%C5%B1
Apple iPhone 12 Pro,Gold,256 GB,Újszerű,2 év,200.990 Ft,https://www.rejoy.hu/hu/shop/apple/mobiltelefon-apple-iphone-12-pro-256gb-gold/1120/?shape=%C3%9Ajszer%C5%B1
Apple iPhone 12 Pro,Pacific Blue,256 GB,Újszerű,2 év,200.990 Ft,https://www.rejoy.hu/hu/shop/apple/mobiltelefon-apple-iphone-12-pro-256gb-pacific-blue/1121/?shape=%C3%9Ajszer%C5%B1
Apple iPhone 13,Starlight,256 GB,Újszerű,2 év,199.990 Ft,https://www.rejoy.hu/hu/shop/apple/mobiltelefon-apple-iphone-13-256gb-starlight/68968/?shape=%C3%9Ajszer%C5%B1
Apple iPhone 13,Midnight,256 GB,Újszerű,2 év,199.990 Ft,https://www.rejoy.hu/hu/shop/apple/mobiltelefon-apple-iphone-13-256gb-midnight/68969/?shape=%C3%9Ajszer%C5%B1
Apple iPhone 13,Blue,256 GB,Újszerű,2 év,199.990 Ft,https://www.rejoy.hu/hu/shop/apple/mobiltelefon-apple-iphone-13-256gb-blue/68970/?shape=%C3%9Ajszer%C5%B1
Apple iPhone 13 mini,Blue,256 GB,Kiváló,2 év,195.990 Ft,https://www.rejoy.hu/hu/shop/apple/mobiltelefon-apple-iphone-13-mini-256gb-blue/68955/?shape=Kiv%C3%A1l%C3%B3
Xiaomi 13T Pro Dual Sim,Black,1 TB,Újszerű,2 év,195.990 Ft,https://www.rejoy.hu/hu/shop/xiaomi/mobiltelefon-xiaomi-13t-pro-dual-sim-1tb-black/75268016/?shape=%C3%9Ajszer%C5%B1
Apple iPhone 13,Red,256 GB,Kiváló,2 év,193.990 Ft,https://www.rejoy.hu/hu/shop/apple/mobiltelefon-apple-iphone-13-256gb-red/68972/?shape=Kiv%C3%A1l%C3%B3
Apple iPhone 12 Pro Max,Silver,128 GB,Kiváló,2 év,192.990 Ft,https://www.rejoy.hu/hu/shop/apple/mobiltelefon-apple-iphone-12-pro-max-128gb-silver/1126/?shape=Kiv%C3%A1l%C3%B3
Samsung Galaxy S23 Plus 5G Dual Sim,Lavender,512 GB,Nagyon jó,2 év,192.990 Ft,https://www.rejoy.hu/hu/shop/samsung/mobiltelefon-samsung-galaxy-s23-plus-5g-dual-sim-512gb-lavender/75237237/?shape=Nagyon%20j%C3%B3
Samsung Galaxy Z Flip4 5G,Blue,256 GB,Nagyon jó,2 év,189.990 Ft,https://www.rejoy.hu/hu/shop/samsung/mobiltelefon-samsung-galaxy-z-flip4-5g-256gb-blue/74239351/?shape=Nagyon%20j%C3%B3
Samsung Galaxy Z Flip5,Graphite,512 GB,Nagyon jó,2 év,228.990 Ft,https://www.rejoy.hu/hu/shop/samsung/mobiltelefon-samsung-galaxy-z-flip5-512gb-graphite/75268247/?shape=Nagyon%20j%C3%B3
Apple iPhone 12 Pro Max,Gold,256 GB,Újszerű,2 év,225.990 Ft,https://www.rejoy.hu/hu/shop/apple/mobiltelefon-apple-iphone-12-pro-max-256gb-gold/1132/?shape=%C3%9Ajszer%C5%B1
Apple iPhone 12 Pro Max,Pacific Blue,256 GB,Újszerű,2 év,225.990 Ft,https://www.rejoy.hu/hu/shop/apple/mobiltelefon-apple-iphone-12-pro-max-256gb-pacific-blue/1133/?shape=%C3%9Ajszer%C5%B1
Huawei P60 Pro Dual Sim,Rococo Pearl,256 GB,Újszerű,2 év,223.990 Ft,https://www.rejoy.hu/hu/shop/huawei/mobiltelefon-huawei-p60-pro-dual-sim-256gb-rococo-pearl/75268563/?shape=%C3%9Ajszer%C5%B1
Apple iPhone 13 mini,Midnight,256 GB,Nagyon jó,2 év,189.990 Ft,https://www.rejoy.hu/hu/shop/apple/mobiltelefon-apple-iphone-13-mini-256gb-midnight/68954/?shape=Nagyon%20j%C3%B3
Apple iPhone 12 Pro,Silver,256 GB,Kiváló,2 év,186.990 Ft,https://www.rejoy.hu/hu/shop/apple/mobiltelefon-apple-iphone-12-pro-256gb-silver/1118/?shape=Kiv%C3%A1l%C3%B3
Apple iPhone 12 Pro,Graphite,256 GB,Kiváló,2 év,186.990 Ft,https://www.rejoy.hu/hu/shop/apple/mobiltelefon-apple-iphone-12-pro-256gb-graphite/1119/?shape=Kiv%C3%A1l%C3%B3
Xiaomi Xiaomi 13 5G,Black,256 GB,Kiváló,2 év,173.990 Ft,https://www.rejoy.hu/hu/shop/xiaomi/mobiltelefon-xiaomi-xiaomi-13-5g-256gb-black/75268164/?shape=Kiv%C3%A1l%C3%B3
Apple iPhone 11 Pro Max,Silver,512 GB,Újszerű,2 év,171.990 Ft,https://www.rejoy.hu/hu/shop/apple/mobiltelefon-apple-iphone-11-pro-max-512gb-silver/975/?shape=%C3%9Ajszer%C5%B1
Apple iPhone 11 Pro Max,Space Gray,512 GB,Újszerű,2 év,171.990 Ft,https://www.rejoy.hu/hu/shop/apple/mobiltelefon-apple-iphone-11-pro-max-512gb-space-gray/976/?shape=%C3%9Ajszer%C5%B1
Huawei Mate 50 Pro Dual Sim,Black,256 GB,Nagyon jó,2 év,171.990 Ft,https://www.rejoy.hu/hu/shop/huawei/mobiltelefon-huawei-mate-50-pro-dual-sim-256gb-black/75268450/?shape=Nagyon%20j%C3%B3
Apple iPhone 12 Pro,Gold,128 GB,Újszerű,2 év,170.990 Ft,https://www.rejoy.hu/hu/shop/apple/mobiltelefon-apple-iphone-12-pro-128gb-gold/1116/?shape=%C3%9Ajszer%C5%B1
Apple iPhone 12 Pro,Graphite,128 GB,Újszerű,2 év,170.990 Ft,https://www.rejoy.hu/hu/shop/apple/mobiltelefon-apple-iphone-12-pro-128gb-graphite/1115/?shape=%C3%9Ajszer%C5%B1
Apple iPhone 12 Pro,Pacific Blue,128 GB,Újszerű,2 év,170.990 Ft,https://www.rejoy.hu/hu/shop/apple/mobiltelefon-apple-iphone-12-pro-128gb-pacific-blue/1117/?shape=%C3%9Ajszer%C5%B1
Apple iPhone 13 mini,Green,128 GB,Kiváló,2 év,170.990 Ft,https://www.rejoy.hu/hu/shop/apple/mobiltelefon-apple-iphone-13-mini-128gb-green/111470/?shape=Kiv%C3%A1l%C3%B3
Apple iPhone 11 Pro,Space Gray,512 GB,Újszerű,2 év,167.990 Ft,https://www.rejoy.hu/hu/shop/apple/mobiltelefon-apple-iphone-11-pro-512gb-space-gray/964/?shape=%C3%9Ajszer%C5%B1
Apple iPhone 11 Pro Max,Gold,512 GB,Kiváló,2 év,167.990 Ft,https://www.rejoy.hu/hu/shop/apple/mobiltelefon-apple-iphone-11-pro-max-512gb-gold/974/?shape=Kiv%C3%A1l%C3%B3
Apple iPhone 13 mini,Midnight,128 GB,Nagyon jó,2 év,167.990 Ft,https://www.rejoy.hu/hu/shop/apple/mobiltelefon-apple-iphone-13-mini-128gb-midnight/68949/?shape=Nagyon%20j%C3%B3
Apple iPhone 13 mini,Blue,128 GB,Nagyon jó,2 év,167.990 Ft,https://www.rejoy.hu/hu/shop/apple/mobiltelefon-apple-iphone-13-mini-128gb-blue/68950/?shape=Nagyon%20j%C3%B3
Apple iPhone 13 mini,Red,128 GB,Nagyon jó,2 év,167.990 Ft,https://www.rejoy.hu/hu/shop/apple/mobiltelefon-apple-iphone-13-mini-128gb-red/68952/?shape=Nagyon%20j%C3%B3
Samsung Galaxy Z Flip4 5G,Bora Purple,128 GB,Újszerű,2 év,165.990 Ft,https://www.rejoy.hu/hu/shop/samsung/mobiltelefon-samsung-galaxy-z-flip4-5g-128gb-bora-purple/74239341/?shape=%C3%9Ajszer%C5%B1
Samsung Galaxy Z Flip4 5G,Pink Gold,128 GB,Újszerű,2 év,165.990 Ft,https://www.rejoy.hu/hu/shop/samsung/mobiltelefon-samsung-galaxy-z-flip4-5g-128gb-pink-gold/74239344/?shape=%C3%9Ajszer%C5%B1
Samsung Galaxy Z Flip4 5G,Graphite,128 GB,Újszerű,2 év,165.990 Ft,https://www.rejoy.hu/hu/shop/samsung/mobiltelefon-samsung-galaxy-z-flip4-5g-128gb-graphite/74239347/?shape=%C3%9Ajszer%C5%B1
Apple iPhone 13,Midnight,128 GB,Újszerű,2 év,165.990 Ft,https://www.rejoy.hu/hu/shop/apple/mobiltelefon-apple-iphone-13-128gb-midnight/68964/?shape=%C3%9Ajszer%C5%B1
Apple iPhone 13,Blue,128 GB,Újszerű,2 év,165.990 Ft,https://www.rejoy.hu/hu/shop/apple/mobiltelefon-apple-iphone-13-128gb-blue/68965/?shape=%C3%9Ajszer%C5%B1
Apple iPhone 13,Red,128 GB,Újszerű,2 év,165.990 Ft,https://www.rejoy.hu/hu/shop/apple/mobiltelefon-apple-iphone-13-128gb-red/68967/?shape=%C3%9Ajszer%C5%B1
Samsung Galaxy S22 Ultra 5G Dual Sim,Phantom Black,128 GB,Nagyon jó,2 év,164.990 Ft,https://www.rejoy.hu/hu/shop/samsung/mobiltelefon-samsung-galaxy-s22-ultra-5g-dual-sim-128gb-phantom-black/161104/?shape=Nagyon%20j%C3%B3
Apple iPhone 12,White,256 GB,Újszerű,2 év,163.990 Ft,https://www.rejoy.hu/hu/shop/apple/mobiltelefon-apple-iphone-12-256gb-white/1109/?shape=%C3%9Ajszer%C5%B1
Apple iPhone 12,Blue,256 GB,Újszerű,2 év,163.990 Ft,https://www.rejoy.hu/hu/shop/apple/mobiltelefon-apple-iphone-12-256gb-blue/1111/?shape=%C3%9Ajszer%C5%B1
Apple iPhone 12,Red,256 GB,Újszerű,2 év,163.990 Ft,https://www.rejoy.hu/hu/shop/apple/mobiltelefon-apple-iphone-12-256gb-red/1113/?shape=%C3%9Ajszer%C5%B1
Apple iPhone 12 Pro,Silver,128 GB,Kiváló,2 év,163.990 Ft,https://www.rejoy.hu/hu/shop/apple/mobiltelefon-apple-iphone-12-pro-128gb-silver/1114/?shape=Kiv%C3%A1l%C3%B3
Apple iPhone 11 Pro Max,Midnight Green,512 GB,Nagyon jó,2 év,163.990 Ft,https://www.rejoy.hu/hu/shop/apple/mobiltelefon-apple-iphone-11-pro-max-512gb-midnight-green/973/?shape=Nagyon%20j%C3%B3
Apple iPhone 11 Pro,Gold,512 GB,Kiváló,2 év,161.990 Ft,https://www.rejoy.hu/hu/shop/apple/mobiltelefon-apple-iphone-11-pro-512gb-gold/962/?shape=Kiv%C3%A1l%C3%B3
Apple iPhone 11 Pro,Silver,512 GB,Kiváló,2 év,161.990 Ft,https://www.rejoy.hu/hu/shop/apple/mobiltelefon-apple-iphone-11-pro-512gb-silver/963/?shape=Kiv%C3%A1l%C3%B3
Apple iPhone 12,Green,256 GB,Kiváló,2 év,160.990 Ft,https://www.rejoy.hu/hu/shop/apple/mobiltelefon-apple-iphone-12-256gb-green/1112/?shape=Kiv%C3%A1l%C3%B3
Apple iPhone 12 mini,Black,256 GB,Újszerű,2 év,160.990 Ft,https://www.rejoy.hu/hu/shop/apple/mobiltelefon-apple-iphone-12-mini-256gb-black/1095/?shape=%C3%9Ajszer%C5%B1
Apple iPhone 11 Pro Max,Midnight Green,256 GB,Újszerű,2 év,159.990 Ft,https://www.rejoy.hu/hu/shop/apple/mobiltelefon-apple-iphone-11-pro-max-256gb-midnight-green/969/?shape=%C3%9Ajszer%C5%B1
Apple iPhone 11 Pro Max,Gold,256 GB,Újszerű,2 év,159.990 Ft,https://www.rejoy.hu/hu/shop/apple/mobiltelefon-apple-iphone-11-pro-max-256gb-gold/970/?shape=%C3%9Ajszer%C5%B1
Apple iPhone 13 mini,Midnight,256 GB,Nagyon jó,2 év,189.990 Ft,https://www.rejoy.hu/hu/shop/apple/mobiltelefon-apple-iphone-13-mini-256gb-midnight/68954/?shape=Nagyon%20j%C3%B3
Apple iPhone 12 Pro,Silver,256 GB,Kiváló,2 év,186.990 Ft,https://www.rejoy.hu/hu/shop/apple/mobiltelefon-apple-iphone-12-pro-256gb-silver/1118/?shape=Kiv%C3%A1l%C3%B3
Apple iPhone 12 Pro,Graphite,256 GB,Kiváló,2 év,186.990 Ft,https://www.rejoy.hu/hu/shop/apple/mobiltelefon-apple-iphone-12-pro-256gb-graphite/1119/?shape=Kiv%C3%A1l%C3%B3
Xiaomi Xiaomi 13 5G,Black,256 GB,Kiváló,2 év,173.990 Ft,https://www.rejoy.hu/hu/shop/xiaomi/mobiltelefon-xiaomi-xiaomi-13-5g-256gb-black/75268164/?shape=Kiv%C3%A1l%C3%B3
Apple iPhone 11 Pro Max,Space Gray,256 GB,Újszerű,2 év,159.990 Ft,https://www.rejoy.hu/hu/shop/apple/mobiltelefon-apple-iphone-11-pro-max-256gb-space-gray/972/?shape=%C3%9Ajszer%C5%B1
Samsung Galaxy S23 5G Dual Sim,Cream,128 GB,Újszerű,2 év,159.990 Ft,https://www.rejoy.hu/hu/shop/samsung/mobiltelefon-samsung-galaxy-s23-5g-dual-sim-128gb-cream/75237221/?shape=%C3%9Ajszer%C5%B1
Samsung Galaxy S23 5G Dual Sim,Green,128 GB,Újszerű,2 év,159.990 Ft,https://www.rejoy.hu/hu/shop/samsung/mobiltelefon-samsung-galaxy-s23-5g-dual-sim-128gb-green/75237224/?shape=%C3%9Ajszer%C5%B1
Apple iPhone 13,Starlight,128 GB,Kiváló,2 év,159.990 Ft,https://www.rejoy.hu/hu/shop/apple/mobiltelefon-apple-iphone-13-128gb-starlight/68963/?shape=Kiv%C3%A1l%C3%B3
Apple iPhone 13,Green,128 GB,Kiváló,2 év,159.990 Ft,https://www.rejoy.hu/hu/shop/apple/mobiltelefon-apple-iphone-13-128gb-green/111488/?shape=Kiv%C3%A1l%C3%B3
Apple iPhone 12 mini,White,256 GB,Kiváló,2 év,157.990 Ft,https://www.rejoy.hu/hu/shop/apple/mobiltelefon-apple-iphone-12-mini-256gb-white/1094/?shape=Kiv%C3%A1l%C3%B3
Apple iPhone 12 mini,Blue,256 GB,Kiváló,2 év,157.990 Ft,https://www.rejoy.hu/hu/shop/apple/mobiltelefon-apple-iphone-12-mini-256gb-blue/1096/?shape=Kiv%C3%A1l%C3%B3
Xiaomi 12 Pro Dual Sim,Gray,256 GB,Kiváló,2 év,156.990 Ft,https://www.rejoy.hu/hu/shop/xiaomi/mobiltelefon-xiaomi-12-pro-dual-sim-256gb-gray/73318216/?shape=Kiv%C3%A1l%C3%B3
Apple iPhone 11 Pro,Midnight Green,256 GB,Újszerű,2 év,153.990 Ft,https://www.rejoy.hu/hu/shop/apple/mobiltelefon-apple-iphone-11-pro-256gb-midnight-green/957/?shape=%C3%9Ajszer%C5%B1
Apple iPhone 11 Pro,Gold,256 GB,Újszerű,2 év,153.990 Ft,https://www.rejoy.hu/hu/shop/apple/mobiltelefon-apple-iphone-11-pro-256gb-gold/958/?shape=%C3%9Ajszer%C5%B1
Apple iPhone 11 Pro,Space Gray,256 GB,Újszerű,2 év,153.990 Ft,https://www.rejoy.hu/hu/shop/apple/mobiltelefon-apple-iphone-11-pro-256gb-space-gray/960/?shape=%C3%9Ajszer%C5%B1
Apple iPhone 12 mini,Red,256 GB,Nagyon jó,2 év,153.990 Ft,https://www.rejoy.hu/hu/shop/apple/mobiltelefon-apple-iphone-12-mini-256gb-red/1098/?shape=Nagyon%20j%C3%B3
Apple iPhone 12 mini,Green,256 GB,Nagyon jó,2 év,153.990 Ft,https://www.rejoy.hu/hu/shop/apple/mobiltelefon-apple-iphone-12-mini-256gb-green/1097/?shape=Nagyon%20j%C3%B3
Apple iPhone 11 Pro Max,Silver,256 GB,Nagyon jó,2 év,151.990 Ft,https://www.rejoy.hu/hu/shop/apple/mobiltelefon-apple-iphone-11-pro-max-256gb-silver/971/?shape=Nagyon%20j%C3%B3
Samsung Galaxy Z Flip3 5G,Cream,128 GB,Újszerű,2 év,150.990 Ft,https://www.rejoy.hu/hu/shop/samsung/mobiltelefon-samsung-galaxy-z-flip3-5g-128gb-cream/73341503/?shape=%C3%9Ajszer%C5%B1
Apple iPhone 12,Green,128 GB,Újszerű,2 év,149.990 Ft,https://www.rejoy.hu/hu/shop/apple/mobiltelefon-apple-iphone-12-128gb-green/1107/?shape=%C3%9Ajszer%C5%B1
Apple iPhone 12,Red,128 GB,Újszerű,2 év,149.990 Ft,https://www.rejoy.hu/hu/shop/apple/mobiltelefon-apple-iphone-12-128gb-red/1108/?shape=%C3%9Ajszer%C5%B1
Apple iPhone 12,Blue,128 GB,Újszerű,2 év,149.990 Ft,https://www.rejoy.hu/hu/shop/apple/mobiltelefon-apple-iphone-12-128gb-blue/1106/?shape=%C3%9Ajszer%C5%B1
Apple iPhone 12,White,128 GB,Újszerű,2 év,149.990 Ft,https://www.rejoy.hu/hu/shop/apple/mobiltelefon-apple-iphone-12-128gb-white/1104/?shape=%C3%9Ajszer%C5%B1
Apple iPhone 12,Black,128 GB,Újszerű,2 év,149.990 Ft,https://www.rejoy.hu/hu/shop/apple/mobiltelefon-apple-iphone-12-128gb-black/1105/?shape=%C3%9Ajszer%C5%B1
Huawei Mate 40 Pro Dual Sim,Black,256 GB,Kiváló,2 év,148.990 Ft,https://www.rejoy.hu/hu/shop/huawei/mobiltelefon-huawei-mate-40-pro-dual-sim-256gb-black/1657/?shape=Kiv%C3%A1l%C3%B3
Apple iPhone 12,Purple,128 GB,Kiváló,2 év,146.990 Ft,https://www.rejoy.hu/hu/shop/apple/mobiltelefon-apple-iphone-12-128gb-purple/49191/?shape=Kiv%C3%A1l%C3%B3
Samsung Galaxy S21 Ultra 5G Dual Sim,Silver,256 GB,Kiváló,2 év,145.990 Ft,https://www.rejoy.hu/hu/shop/samsung/mobiltelefon-samsung-galaxy-s21-ultra-5g-dual-sim-256gb-silver/1199/?shape=Kiv%C3%A1l%C3%B3
Huawei Nova 11 Pro Dual Sim,Black,256 GB,Újszerű,2 év,143.990 Ft,https://www.rejoy.hu/hu/shop/huawei/mobiltelefon-huawei-nova-11-pro-dual-sim-256gb-black/75268531/?shape=%C3%9Ajszer%C5%B1
Apple iPhone 11 Pro,Silver,256 GB,Nagyon jó,2 év,140.990 Ft,https://www.rejoy.hu/hu/shop/apple/mobiltelefon-apple-iphone-11-pro-256gb-silver/959/?shape=Nagyon%20j%C3%B3
Samsung Galaxy Z Flip3 5G,Phantom Black,128 GB,Nagyon jó,2 év,140.990 Ft,https://www.rejoy.hu/hu/shop/samsung/mobiltelefon-samsung-galaxy-z-flip3-5g-128gb-phantom-black/73341497/?shape=Nagyon%20j%C3%B3
Samsung Galaxy S21 Ultra 5G Dual Sim,Silver,128 GB,Kiváló,2 év,137.990 Ft,https://www.rejoy.hu/hu/shop/samsung/mobiltelefon-samsung-galaxy-s21-ultra-5g-dual-sim-128gb-silver/1194/?shape=Kiv%C3%A1l%C3%B3
Xiaomi 12T Pro 5G Dual Sim,Black,256 GB,Kiváló,2 év,136.990 Ft,https://www.rejoy.hu/hu/shop/xiaomi/mobiltelefon-xiaomi-12t-pro-5g-dual-sim-256gb-black/75268347/?shape=Kiv%C3%A1l%C3%B3
Xiaomi 12T Pro 5G Dual Sim,Blue,256 GB,Kiváló,2 év,136.990 Ft,https://www.rejoy.hu/hu/shop/xiaomi/mobiltelefon-xiaomi-12t-pro-5g-dual-sim-256gb-blue/75268351/?shape=Kiv%C3%A1l%C3%B3
Apple iPhone 12 mini,Blue,128 GB,Újszerű,2 év,135.990 Ft,https://www.rejoy.hu/hu/shop/apple/mobiltelefon-apple-iphone-12-mini-128gb-blue/1091/?shape=%C3%9Ajszer%C5%B1
Apple iPhone 12 mini,Green,128 GB,Újszerű,2 év,135.990 Ft,https://www.rejoy.hu/hu/shop/apple/mobiltelefon-apple-iphone-12-mini-128gb-green/1092/?shape=%C3%9Ajszer%C5%B1
Apple iPhone 12 mini,Red,128 GB,Újszerű,2 év,135.990 Ft,https://www.rejoy.hu/hu/shop/apple/mobiltelefon-apple-iphone-12-mini-128gb-red/1093/?shape=%C3%9Ajszer%C5%B1
Apple iPhone 11 Pro Max,Midnight Green,64 GB,Újszerű,2 év,134.990 Ft,https://www.rejoy.hu/hu/shop/apple/mobiltelefon-apple-iphone-11-pro-max-64gb-midnight-green/965/?shape=%C3%9Ajszer%C5%B1
Apple iPhone 11 Pro Max,Gold,64 GB,Újszerű,2 év,134.990 Ft,https://www.rejoy.hu/hu/shop/apple/mobiltelefon-apple-iphone-11-pro-max-64gb-gold/966/?shape=%C3%9Ajszer%C5%B1
Apple iPhone 11 Pro Max,Space Gray,256 GB,Újszerű,2 év,159.990 Ft,https://www.rejoy.hu/hu/shop/apple/mobiltelefon-apple-iphone-11-pro-max-256gb-space-gray/972/?shape=%C3%9Ajszer%C5%B1
Samsung Galaxy S23 5G Dual Sim,Cream,128 GB,Újszerű,2 év,159.990 Ft,https://www.rejoy.hu/hu/shop/samsung/mobiltelefon-samsung-galaxy-s23-5g-dual-sim-128gb-cream/75237221/?shape=%C3%9Ajszer%C5%B1
Samsung Galaxy S23 5G Dual Sim,Green,128 GB,Újszerű,2 év,159.990 Ft,https://www.rejoy.hu/hu/shop/samsung/mobiltelefon-samsung-galaxy-s23-5g-dual-sim-128gb-green/75237224/?shape=%C3%9Ajszer%C5%B1
Apple iPhone 13,Starlight,128 GB,Kiváló,2 év,159.990 Ft,https://www.rejoy.hu/hu/shop/apple/mobiltelefon-apple-iphone-13-128gb-starlight/68963/?shape=Kiv%C3%A1l%C3%B3
Apple iPhone 11 Pro Max,Space Gray,64 GB,Újszerű,2 év,134.990 Ft,https://www.rejoy.hu/hu/shop/apple/mobiltelefon-apple-iphone-11-pro-max-64gb-space-gray/968/?shape=%C3%9Ajszer%C5%B1
Apple iPhone 12 mini,Black,128 GB,Kiváló,2 év,132.990 Ft,https://www.rejoy.hu/hu/shop/apple/mobiltelefon-apple-iphone-12-mini-128gb-black/1090/?shape=Kiv%C3%A1l%C3%B3
Apple iPhone 12 mini,Purple,128 GB,Kiváló,2 év,132.990 Ft,https://www.rejoy.hu/hu/shop/apple/mobiltelefon-apple-iphone-12-mini-128gb-purple/49194/?shape=Kiv%C3%A1l%C3%B3
Apple iPhone 11,White,256 GB,Újszerű,2 év,131.990 Ft,https://www.rejoy.hu/hu/shop/apple/mobiltelefon-apple-iphone-11-256gb-white/948/?shape=%C3%9Ajszer%C5%B1
Apple iPhone 11 Pro Max,Silver,64 GB,Kiváló,2 év,131.990 Ft,https://www.rejoy.hu/hu/shop/apple/mobiltelefon-apple-iphone-11-pro-max-64gb-silver/967/?shape=Kiv%C3%A1l%C3%B3
Samsung Galaxy S21 Ultra 5G Dual Sim,Black,128 GB,Nagyon jó,2 év,128.990 Ft,https://www.rejoy.hu/hu/shop/samsung/mobiltelefon-samsung-galaxy-s21-ultra-5g-dual-sim-128gb-black/1193/?shape=Nagyon%20j%C3%B3
Samsung Galaxy Note 20 5G Dual Sim,Gray,256 GB,Nagyon jó,2 év,127.990 Ft,https://www.rejoy.hu/hu/shop/samsung/mobiltelefon-samsung-galaxy-note-20-5g-dual-sim-256gb-gray/1236/?shape=Nagyon%20j%C3%B3
Apple iPhone 11,Black,256 GB,Kiváló,2 év,127.990 Ft,https://www.rejoy.hu/hu/shop/apple/mobiltelefon-apple-iphone-11-256gb-black/947/?shape=Kiv%C3%A1l%C3%B3
Apple iPhone 11,Yellow,256 GB,Kiváló,2 év,127.990 Ft,https://www.rejoy.hu/hu/shop/apple/mobiltelefon-apple-iphone-11-256gb-yellow/952/?shape=Kiv%C3%A1l%C3%B3
Samsung Galaxy S21 Plus 5G Dual Sim,Silver,256 GB,Újszerű,2 év,127.990 Ft,https://www.rejoy.hu/hu/shop/samsung/mobiltelefon-samsung-galaxy-s21-plus-5g-dual-sim-256gb-silver/1173/?shape=%C3%9Ajszer%C5%B1
Apple iPhone 11 Pro,Gold,64 GB,Újszerű,2 év,125.990 Ft,https://www.rejoy.hu/hu/shop/apple/mobiltelefon-apple-iphone-11-pro-64gb-gold/954/?shape=%C3%9Ajszer%C5%B1
Apple iPhone 11 Pro,Space Gray,64 GB,Újszerű,2 év,125.990 Ft,https://www.rejoy.hu/hu/shop/apple/mobiltelefon-apple-iphone-11-pro-64gb-space-gray/956/?shape=%C3%9Ajszer%C5%B1
Apple iPhone 11 Pro,Midnight Green,64 GB,Újszerű,2 év,125.990 Ft,https://www.rejoy.hu/hu/shop/apple/mobiltelefon-apple-iphone-11-pro-64gb-midnight-green/953/?shape=%C3%9Ajszer%C5%B1
Apple iPhone XS Max,Space Grey,512 GB,Újszerű,2 év,125.990 Ft,https://www.rejoy.hu/hu/shop/apple/mobiltelefon-apple-iphone-xs-max-512gb-space-grey/170/?shape=%C3%9Ajszer%C5%B1
Apple iPhone 12,Green,64 GB,Újszerű,2 év,122.990 Ft,https://www.rejoy.hu/hu/shop/apple/mobiltelefon-apple-iphone-12-64gb-green/1102/?shape=%C3%9Ajszer%C5%B1
Apple iPhone 12,Red,64 GB,Újszerű,2 év,122.990 Ft,https://www.rejoy.hu/hu/shop/apple/mobiltelefon-apple-iphone-12-64gb-red/1103/?shape=%C3%9Ajszer%C5%B1
Apple iPhone 12,Black,64 GB,Újszerű,2 év,122.990 Ft,https://www.rejoy.hu/hu/shop/apple/mobiltelefon-apple-iphone-12-64gb-black/1100/?shape=%C3%9Ajszer%C5%B1
Apple iPhone 12,Blue,64 GB,Újszerű,2 év,122.990 Ft,https://www.rejoy.hu/hu/shop/apple/mobiltelefon-apple-iphone-12-64gb-blue/1101/?shape=%C3%9Ajszer%C5%B1
Apple iPhone 11,Purple,256 GB,Nagyon jó,2 év,122.990 Ft,https://www.rejoy.hu/hu/shop/apple/mobiltelefon-apple-iphone-11-256gb-purple/950/?shape=Nagyon%20j%C3%B3
Apple iPhone 12,White,64 GB,Újszerű,2 év,122.990 Ft,https://www.rejoy.hu/hu/shop/apple/mobiltelefon-apple-iphone-12-64gb-white/1099/?shape=%C3%9Ajszer%C5%B1
Samsung Galaxy S20 Ultra 5G Dual Sim,Cosmic Black,128 GB,Nagyon jó,2 év,121.990 Ft,https://www.rejoy.hu/hu/shop/samsung/mobiltelefon-samsung-galaxy-s20-ultra-5g-dual-sim-128gb-cosmic-black/1375/?shape=Nagyon%20j%C3%B3
Apple iPhone 11 Pro,Silver,64 GB,Kiváló,2 év,119.990 Ft,https://www.rejoy.hu/hu/shop/apple/mobiltelefon-apple-iphone-11-pro-64gb-silver/955/?shape=Kiv%C3%A1l%C3%B3
Samsung Galaxy S21 Plus 5G Dual Sim,Black,128 GB,Újszerű,2 év,119.990 Ft,https://www.rejoy.hu/hu/shop/samsung/mobiltelefon-samsung-galaxy-s21-plus-5g-dual-sim-128gb-black/1166/?shape=%C3%9Ajszer%C5%B1
Apple iPhone 12,Purple,64 GB,Kiváló,2 év,118.990 Ft,https://www.rejoy.hu/hu/shop/apple/mobiltelefon-apple-iphone-12-64gb-purple/49190/?shape=Kiv%C3%A1l%C3%B3
Apple iPhone SE 2022,Starlight,128 GB,Újszerű,2 év,117.990 Ft,https://www.rejoy.hu/hu/shop/apple/mobiltelefon-apple-iphone-se-2022-128gb-starlight/181752/?shape=%C3%9Ajszer%C5%B1
Apple iPhone 12 mini,White,64 GB,Újszerű,2 év,116.990 Ft,https://www.rejoy.hu/hu/shop/apple/mobiltelefon-apple-iphone-12-mini-64gb-white/1084/?shape=%C3%9Ajszer%C5%B1
Apple iPhone 12 mini,Black,64 GB,Újszerű,2 év,116.990 Ft,https://www.rejoy.hu/hu/shop/apple/mobiltelefon-apple-iphone-12-mini-64gb-black/1085/?shape=%C3%9Ajszer%C5%B1
Apple iPhone 12 mini,Blue,64 GB,Újszerű,2 év,116.990 Ft,https://www.rejoy.hu/hu/shop/apple/mobiltelefon-apple-iphone-12-mini-64gb-blue/1086/?shape=%C3%9Ajszer%C5%B1
Apple iPhone 12 mini,Red,64 GB,Újszerű,2 év,116.990 Ft,https://www.rejoy.hu/hu/shop/apple/mobiltelefon-apple-iphone-12-mini-64gb-red/1088/?shape=%C3%9Ajszer%C5%B1
Huawei P40 Pro Dual Sim,Silver Frost,256 GB,Kiváló,2 év,116.990 Ft,https://www.rejoy.hu/hu/shop/huawei/mobiltelefon-huawei-p40-pro-dual-sim-256gb-silver-frost/1614/?shape=Kiv%C3%A1l%C3%B3
Huawei P50 Pro Dual Sim,Cocoa Gold,256 GB,Kiváló,2 év,116.990 Ft,https://www.rejoy.hu/hu/shop/huawei/mobiltelefon-huawei-p50-pro-dual-sim-256gb-cocoa-gold/75268575/?shape=Kiv%C3%A1l%C3%B3
Apple iPhone 12 mini,Green,64 GB,Kiváló,2 év,113.990 Ft,https://www.rejoy.hu/hu/shop/apple/mobiltelefon-apple-iphone-12-mini-64gb-green/1087/?shape=Kiv%C3%A1l%C3%B3
Apple iPhone 12 mini,Purple,64 GB,Kiváló,2 év,113.990 Ft,https://www.rejoy.hu/hu/shop/apple/mobiltelefon-apple-iphone-12-mini-64gb-purple/49193/?shape=Kiv%C3%A1l%C3%B3
Huawei P40 Pro Dual Sim,Ice White,256 GB,Nagyon jó,2 év,112.990 Ft,https://www.rejoy.hu/hu/shop/huawei/mobiltelefon-huawei-p40-pro-dual-sim-256gb-ice-white/1617/?shape=Nagyon%20j%C3%B3
Apple iPhone 11 Pro Max,Space Gray,64 GB,Újszerű,2 év,134.990 Ft,https://www.rejoy.hu/hu/shop/apple/mobiltelefon-apple-iphone-11-pro-max-64gb-space-gray/968/?shape=%C3%9Ajszer%C5%B1
Apple iPhone 12 mini,Black,128 GB,Kiváló,2 év,132.990 Ft,https://www.rejoy.hu/hu/shop/apple/mobiltelefon-apple-iphone-12-mini-128gb-black/1090/?shape=Kiv%C3%A1l%C3%B3
Apple iPhone 12 mini,Purple,128 GB,Kiváló,2 év,132.990 Ft,https://www.rejoy.hu/hu/shop/apple/mobiltelefon-apple-iphone-12-mini-128gb-purple/49194/?shape=Kiv%C3%A1l%C3%B3
Apple iPhone 11,White,256 GB,Újszerű,2 év,131.990 Ft,https://www.rejoy.hu/hu/shop/apple/mobiltelefon-apple-iphone-11-256gb-white/948/?shape=%C3%9Ajszer%C5%B1
Apple iPhone XS Max,Space Grey,256 GB,Kiváló,2 év,111.990 Ft,https://www.rejoy.hu/hu/shop/apple/mobiltelefon-apple-iphone-xs-max-256gb-space-grey/167/?shape=Kiv%C3%A1l%C3%B3
Samsung Galaxy S21 5G Dual Sim,Gray,256 GB,Nagyon jó,2 év,110.990 Ft,https://www.rejoy.hu/hu/shop/samsung/mobiltelefon-samsung-galaxy-s21-5g-dual-sim-256gb-gray/1150/?shape=Nagyon%20j%C3%B3
Samsung Galaxy S21 5G Dual Sim,White,256 GB,Nagyon jó,2 év,110.990 Ft,https://www.rejoy.hu/hu/shop/samsung/mobiltelefon-samsung-galaxy-s21-5g-dual-sim-256gb-white/1151/?shape=Nagyon%20j%C3%B3
Samsung Galaxy S21 5G Dual Sim,Pink,256 GB,Nagyon jó,2 év,110.990 Ft,https://www.rejoy.hu/hu/shop/samsung/mobiltelefon-samsung-galaxy-s21-5g-dual-sim-256gb-pink/1153/?shape=Nagyon%20j%C3%B3
Apple iPhone 11,Black,128 GB,Újszerű,2 év,109.990 Ft,https://www.rejoy.hu/hu/shop/apple/mobiltelefon-apple-iphone-11-128gb-black/941/?shape=%C3%9Ajszer%C5%B1
Samsung Galaxy S21 Plus 5G Dual Sim,Black,256 GB,Jó,2 év,109.990 Ft,https://www.rejoy.hu/hu/shop/samsung/mobiltelefon-samsung-galaxy-s21-plus-5g-dual-sim-256gb-black/1172/?shape=J%C3%B3
Apple iPhone XS Max,Silver,256 GB,Nagyon jó,2 év,109.990 Ft,https://www.rejoy.hu/hu/shop/apple/mobiltelefon-apple-iphone-xs-max-256gb-silver/168/?shape=Nagyon%20j%C3%B3
Apple iPhone XS,Space Grey,512 GB,Kiváló,2 év,109.990 Ft,https://www.rejoy.hu/hu/shop/apple/mobiltelefon-apple-iphone-xs-512gb-space-grey/161/?shape=Kiv%C3%A1l%C3%B3
Apple iPhone 11,White,128 GB,Kiváló,2 év,106.990 Ft,https://www.rejoy.hu/hu/shop/apple/mobiltelefon-apple-iphone-11-128gb-white/942/?shape=Kiv%C3%A1l%C3%B3
Apple iPhone 11,Red,128 GB,Kiváló,2 év,106.990 Ft,https://www.rejoy.hu/hu/shop/apple/mobiltelefon-apple-iphone-11-128gb-red/943/?shape=Kiv%C3%A1l%C3%B3
Apple iPhone 11,Purple,128 GB,Kiváló,2 év,106.990 Ft,https://www.rejoy.hu/hu/shop/apple/mobiltelefon-apple-iphone-11-128gb-purple/944/?shape=Kiv%C3%A1l%C3%B3
Apple iPhone 11,Green,128 GB,Kiváló,2 év,106.990 Ft,https://www.rejoy.hu/hu/shop/apple/mobiltelefon-apple-iphone-11-128gb-green/945/?shape=Kiv%C3%A1l%C3%B3
Apple iPhone 11,Yellow,128 GB,Kiváló,2 év,106.990 Ft,https://www.rejoy.hu/hu/shop/apple/mobiltelefon-apple-iphone-11-128gb-yellow/946/?shape=Kiv%C3%A1l%C3%B3
Samsung Galaxy S21 Plus 5G Dual Sim,Silver,128 GB,Nagyon jó,2 év,106.990 Ft,https://www.rejoy.hu/hu/shop/samsung/mobiltelefon-samsung-galaxy-s21-plus-5g-dual-sim-128gb-silver/1167/?shape=Nagyon%20j%C3%B3
Samsung Galaxy S21 Plus 5G Dual Sim,Violet,128 GB,Nagyon jó,2 év,106.990 Ft,https://www.rejoy.hu/hu/shop/samsung/mobiltelefon-samsung-galaxy-s21-plus-5g-dual-sim-128gb-violet/1168/?shape=Nagyon%20j%C3%B3
Samsung Galaxy S22 5G Dual Sim,Phantom Black,128 GB,Nagyon jó,2 év,106.990 Ft,https://www.rejoy.hu/hu/shop/samsung/mobiltelefon-samsung-galaxy-s22-5g-dual-sim-128gb-phantom-black/161063/?shape=Nagyon%20j%C3%B3
Samsung Galaxy S20 Ultra,Cosmic Black,128 GB,Nagyon jó,2 év,106.990 Ft,https://www.rejoy.hu/hu/shop/samsung/mobiltelefon-samsung-galaxy-s20-ultra-128gb-cosmic-black/986/?shape=Nagyon%20j%C3%B3
Apple iPhone X,Space Grey,256 GB,Újszerű,2 év,104.990 Ft,https://www.rejoy.hu/hu/shop/apple/mobiltelefon-apple-iphone-x-256gb-space-grey/135/?shape=%C3%9Ajszer%C5%B1
Samsung Galaxy S20 Plus 5G,Cosmic Black,128 GB,Újszerű,2 év,103.990 Ft,https://www.rejoy.hu/hu/shop/samsung/mobiltelefon-samsung-galaxy-s20-plus-5g-128gb-cosmic-black/1023/?shape=%C3%9Ajszer%C5%B1
Samsung Galaxy S21 5G Dual Sim,Gray,128 GB,Kiváló,2 év,101.990 Ft,https://www.rejoy.hu/hu/shop/samsung/mobiltelefon-samsung-galaxy-s21-5g-dual-sim-128gb-gray/1146/?shape=Kiv%C3%A1l%C3%B3
Samsung Galaxy S21 5G,Purple,128 GB,Kiváló,2 év,101.990 Ft,https://www.rejoy.hu/hu/shop/samsung/mobiltelefon-samsung-galaxy-s21-5g-128gb-purple/1140/?shape=Kiv%C3%A1l%C3%B3
Xiaomi Mi 11T Pro 5G,Celestial Blue,256 GB,Újszerű,2 év,101.990 Ft,https://www.rejoy.hu/hu/shop/xiaomi/mobiltelefon-xiaomi-mi-11t-pro-5g-256gb-celestial-blue/72534/?shape=%C3%9Ajszer%C5%B1
Apple iPhone 11,Yellow,64 GB,Újszerű,2 év,99.990 Ft,https://www.rejoy.hu/hu/shop/apple/mobiltelefon-apple-iphone-11-64gb-yellow/940/?shape=%C3%9Ajszer%C5%B1
Samsung Galaxy S20 Plus,Cosmic Gray,128 GB,Kiváló,2 év,99.990 Ft,https://www.rejoy.hu/hu/shop/samsung/mobiltelefon-samsung-galaxy-s20-plus-128gb-cosmic-gray/983/?shape=Kiv%C3%A1l%C3%B3
Apple iPhone XS,Space Grey,256 GB,Kiváló,2 év,99.990 Ft,https://www.rejoy.hu/hu/shop/apple/mobiltelefon-apple-iphone-xs-256gb-space-grey/158/?shape=Kiv%C3%A1l%C3%B3
Apple iPhone 11,Red,64 GB,Újszerű,2 év,99.990 Ft,https://www.rejoy.hu/hu/shop/apple/mobiltelefon-apple-iphone-11-64gb-red/937/?shape=%C3%9Ajszer%C5%B1
Apple iPhone SE 2022,Midnight,64 GB,Nagyon jó,2 év,98.990 Ft,https://www.rejoy.hu/hu/shop/apple/mobiltelefon-apple-iphone-se-2022-64gb-midnight/181748/?shape=Nagyon%20j%C3%B3
Apple iPhone SE 2022,Starlight,64 GB,Nagyon jó,2 év,98.990 Ft,https://www.rejoy.hu/hu/shop/apple/mobiltelefon-apple-iphone-se-2022-64gb-starlight/181749/?shape=Nagyon%20j%C3%B3
Apple iPhone X,Silver,256 GB,Kiváló,2 év,97.990 Ft,https://www.rejoy.hu/hu/shop/apple/mobiltelefon-apple-iphone-x-256gb-silver/136/?shape=Kiv%C3%A1l%C3%B3
Apple iPhone XR,Black,256 GB,Nagyon jó,2 év,97.990 Ft,https://www.rejoy.hu/hu/shop/apple/mobiltelefon-apple-iphone-xr-256gb-black/149/?shape=Nagyon%20j%C3%B3
Samsung Galaxy A54 5G,Awesome Graphite,256 GB,Újszerű,2 év,97.990 Ft,https://www.rejoy.hu/hu/shop/samsung/mobiltelefon-samsung-galaxy-a54-5g-256gb-awesome-graphite/75267628/?shape=%C3%9Ajszer%C5%B1
Apple iPhone 11,Green,64 GB,Kiváló,2 év,96.990 Ft,https://www.rejoy.hu/hu/shop/apple/mobiltelefon-apple-iphone-11-64gb-green/939/?shape=Kiv%C3%A1l%C3%B3
Apple iPhone 11,Black,64 GB,Kiváló,2 év,96.990 Ft,https://www.rejoy.hu/hu/shop/apple/mobiltelefon-apple-iphone-11-64gb-black/935/?shape=Kiv%C3%A1l%C3%B3
Apple iPhone 11,White,64 GB,Kiváló,2 év,96.990 Ft,https://www.rejoy.hu/hu/shop/apple/mobiltelefon-apple-iphone-11-64gb-white/936/?shape=Kiv%C3%A1l%C3%B3
Apple iPhone XS Max,Space Grey,256 GB,Kiváló,2 év,111.990 Ft,https://www.rejoy.hu/hu/shop/apple/mobiltelefon-apple-iphone-xs-max-256gb-space-grey/167/?shape=Kiv%C3%A1l%C3%B3
Samsung Galaxy S21 5G Dual Sim,Gray,256 GB,Nagyon jó,2 év,110.990 Ft,https://www.rejoy.hu/hu/shop/samsung/mobiltelefon-samsung-galaxy-s21-5g-dual-sim-256gb-gray/1150/?shape=Nagyon%20j%C3%B3
Samsung Galaxy S21 5G Dual Sim,White,256 GB,Nagyon jó,2 év,110.990 Ft,https://www.rejoy.hu/hu/shop/samsung/mobiltelefon-samsung-galaxy-s21-5g-dual-sim-256gb-white/1151/?shape=Nagyon%20j%C3%B3
Samsung Galaxy S21 5G Dual Sim,Pink,256 GB,Nagyon jó,2 év,110.990 Ft,https://www.rejoy.hu/hu/shop/samsung/mobiltelefon-samsung-galaxy-s21-5g-dual-sim-256gb-pink/1153/?shape=Nagyon%20j%C3%B3
Apple iPhone 11,Purple,64 GB,Kiváló,2 év,96.990 Ft,https://www.rejoy.hu/hu/shop/apple/mobiltelefon-apple-iphone-11-64gb-purple/938/?shape=Kiv%C3%A1l%C3%B3
Xiaomi Mi 11T Pro 5G,Meteorite Gray,128 GB,Nagyon jó,2 év,95.990 Ft,https://www.rejoy.hu/hu/shop/xiaomi/mobiltelefon-xiaomi-mi-11t-pro-5g-128gb-meteorite-gray/72529/?shape=Nagyon%20j%C3%B3
Samsung Galaxy S20,Cosmic Gray,128 GB,Újszerű,2 év,95.990 Ft,https://www.rejoy.hu/hu/shop/samsung/mobiltelefon-samsung-galaxy-s20-128gb-cosmic-gray/980/?shape=%C3%9Ajszer%C5%B1
Huawei P40 Dual Sim,Silver Frost,128 GB,Újszerű,2 év,95.990 Ft,https://www.rejoy.hu/hu/shop/huawei/mobiltelefon-huawei-p40-dual-sim-128gb-silver-frost/1580/?shape=%C3%9Ajszer%C5%B1
Huawei P40 Dual Sim,Black,128 GB,Újszerű,2 év,95.990 Ft,https://www.rejoy.hu/hu/shop/huawei/mobiltelefon-huawei-p40-dual-sim-128gb-black/1584/?shape=%C3%9Ajszer%C5%B1
Samsung Galaxy S21 5G Dual Sim,Purple,128 GB,Nagyon jó,2 év,94.990 Ft,https://www.rejoy.hu/hu/shop/samsung/mobiltelefon-samsung-galaxy-s21-5g-dual-sim-128gb-purple/1148/?shape=Nagyon%20j%C3%B3
Huawei Nova 10 Pro,Silver,256 GB,Újszerű,2 év,93.990 Ft,https://www.rejoy.hu/hu/shop/huawei/mobiltelefon-huawei-nova-10-pro-256gb-silver/75268520/?shape=%C3%9Ajszer%C5%B1
Samsung Galaxy S21 FE 5G Dual Sim,Graphite,128 GB,Kiváló,2 év,91.990 Ft,https://www.rejoy.hu/hu/shop/samsung/mobiltelefon-samsung-galaxy-s21-fe-5g-dual-sim-128gb-graphite/73327529/?shape=Kiv%C3%A1l%C3%B3
Samsung Galaxy S21 5G Dual Sim,Pink,128 GB,Jó,2 év,90.990 Ft,https://www.rejoy.hu/hu/shop/samsung/mobiltelefon-samsung-galaxy-s21-5g-dual-sim-128gb-pink/1149/?shape=J%C3%B3
Samsung Galaxy S20 5G,Cosmic Gray,128 GB,Nagyon jó,2 év,89.990 Ft,https://www.rejoy.hu/hu/shop/samsung/mobiltelefon-samsung-galaxy-s20-5g-128gb-cosmic-gray/1022/?shape=Nagyon%20j%C3%B3
Apple iPhone XS Max,Space Grey,64 GB,Kiváló,2 év,89.990 Ft,https://www.rejoy.hu/hu/shop/apple/mobiltelefon-apple-iphone-xs-max-64gb-space-grey/164/?shape=Kiv%C3%A1l%C3%B3
Apple iPhone XS Max,Silver,64 GB,Kiváló,2 év,89.990 Ft,https://www.rejoy.hu/hu/shop/apple/mobiltelefon-apple-iphone-xs-max-64gb-silver/165/?shape=Kiv%C3%A1l%C3%B3
Apple iPhone XS Max,Gold,64 GB,Kiváló,2 év,89.990 Ft,https://www.rejoy.hu/hu/shop/apple/mobiltelefon-apple-iphone-xs-max-64gb-gold/166/?shape=Kiv%C3%A1l%C3%B3
Huawei Nova 10 Pro,Black,256 GB,Nagyon jó,2 év,89.990 Ft,https://www.rejoy.hu/hu/shop/huawei/mobiltelefon-huawei-nova-10-pro-256gb-black/75268518/?shape=Nagyon%20j%C3%B3
Samsung Galaxy S20 Plus 5G,Cloud Blue,128 GB,Jó,2 év,88.990 Ft,https://www.rejoy.hu/hu/shop/samsung/mobiltelefon-samsung-galaxy-s20-plus-5g-128gb-cloud-blue/1026/?shape=J%C3%B3
Apple iPhone XR,Black,128 GB,Újszerű,2 év,87.990 Ft,https://www.rejoy.hu/hu/shop/apple/mobiltelefon-apple-iphone-xr-128gb-black/143/?shape=%C3%9Ajszer%C5%B1
Apple iPhone XR,White,128 GB,Újszerű,2 év,87.990 Ft,https://www.rejoy.hu/hu/shop/apple/mobiltelefon-apple-iphone-xr-128gb-white/144/?shape=%C3%9Ajszer%C5%B1
Apple iPhone XR,Blue,128 GB,Újszerű,2 év,87.990 Ft,https://www.rejoy.hu/hu/shop/apple/mobiltelefon-apple-iphone-xr-128gb-blue/145/?shape=%C3%9Ajszer%C5%B1
Samsung Galaxy XCover Pro Dual Sim,Black,64 GB,Újszerű,2 év,87.990 Ft,https://www.rejoy.hu/hu/shop/samsung/mobiltelefon-samsung-galaxy-xcover-pro-dual-sim-64gb-black/73311236/?shape=%C3%9Ajszer%C5%B1
Apple iPhone XR,Coral,128 GB,Újszerű,2 év,87.990 Ft,https://www.rejoy.hu/hu/shop/apple/mobiltelefon-apple-iphone-xr-128gb-coral/147/?shape=%C3%9Ajszer%C5%B1
Apple iPhone XR,Red,128 GB,Újszerű,2 év,87.990 Ft,https://www.rejoy.hu/hu/shop/apple/mobiltelefon-apple-iphone-xr-128gb-red/148/?shape=%C3%9Ajszer%C5%B1
Xiaomi Poco F3 5G,Deep Ocean Blue,256 GB,Újszerű,2 év,87.990 Ft,https://www.rejoy.hu/hu/shop/xiaomi/mobiltelefon-xiaomi-poco-f3-5g-256gb-deep-ocean-blue/72650/?shape=%C3%9Ajszer%C5%B1
Xiaomi Redmi Note 12 Pro Plus 5G,Obsidian Black,256 GB,Újszerű,2 év,87.990 Ft,https://www.rejoy.hu/hu/shop/xiaomi/mobiltelefon-xiaomi-redmi-note-12-pro-plus-5g-256gb-obsidian-black/75268073/?shape=%C3%9Ajszer%C5%B1
Samsung Galaxy S20 FE 5G Dual Sim,Cloud Mint,256 GB,Nagyon jó,2 év,85.990 Ft,https://www.rejoy.hu/hu/shop/samsung/mobiltelefon-samsung-galaxy-s20-fe-5g-dual-sim-256gb-cloud-mint/1423/?shape=Nagyon%20j%C3%B3
Apple iPhone XS,Space Grey,64 GB,Újszerű,2 év,85.990 Ft,https://www.rejoy.hu/hu/shop/apple/mobiltelefon-apple-iphone-xs-64gb-space-grey/155/?shape=%C3%9Ajszer%C5%B1
Xiaomi Poco F3 5G,Night Black,256 GB,Nagyon jó,2 év,84.990 Ft,https://www.rejoy.hu/hu/shop/xiaomi/mobiltelefon-xiaomi-poco-f3-5g-256gb-night-black/72649/?shape=Nagyon%20j%C3%B3
Huawei P40,Black,128 GB,Nagyon jó,2 év,84.990 Ft,https://www.rejoy.hu/hu/shop/huawei/mobiltelefon-huawei-p40-128gb-black/1574/?shape=Nagyon%20j%C3%B3
Xiaomi Poco F3 5G,Arctic White,256 GB,Nagyon jó,2 év,84.990 Ft,https://www.rejoy.hu/hu/shop/xiaomi/mobiltelefon-xiaomi-poco-f3-5g-256gb-arctic-white/72648/?shape=Nagyon%20j%C3%B3
Apple iPhone XR,Yellow,128 GB,Kiváló,2 év,83.990 Ft,https://www.rejoy.hu/hu/shop/apple/mobiltelefon-apple-iphone-xr-128gb-yellow/146/?shape=Kiv%C3%A1l%C3%B3
Samsung Galaxy XCover Pro,Black,64 GB,Újszerű,2 év,83.990 Ft,https://www.rejoy.hu/hu/shop/samsung/mobiltelefon-samsung-galaxy-xcover-pro-64gb-black/73306579/?shape=%C3%9Ajszer%C5%B1
Samsung Galaxy S20 FE 5G Dual Sim,Cloud Mint,128 GB,Újszerű,2 év,83.990 Ft,https://www.rejoy.hu/hu/shop/samsung/mobiltelefon-samsung-galaxy-s20-fe-5g-dual-sim-128gb-cloud-mint/1417/?shape=%C3%9Ajszer%C5%B1
Samsung Galaxy S20 FE 5G Dual Sim,Cloud Navy,128 GB,Újszerű,2 év,83.990 Ft,https://www.rejoy.hu/hu/shop/samsung/mobiltelefon-samsung-galaxy-s20-fe-5g-dual-sim-128gb-cloud-navy/1418/?shape=%C3%9Ajszer%C5%B1
Apple iPhone XS,Silver,64 GB,Kiváló,2 év,83.990 Ft,https://www.rejoy.hu/hu/shop/apple/mobiltelefon-apple-iphone-xs-64gb-silver/156/?shape=Kiv%C3%A1l%C3%B3
Apple iPhone XS,Gold,64 GB,Kiváló,2 év,83.990 Ft,https://www.rejoy.hu/hu/shop/apple/mobiltelefon-apple-iphone-xs-64gb-gold/157/?shape=Kiv%C3%A1l%C3%B3
Apple iPhone 11,Purple,64 GB,Kiváló,2 év,96.990 Ft,https://www.rejoy.hu/hu/shop/apple/mobiltelefon-apple-iphone-11-64gb-purple/938/?shape=Kiv%C3%A1l%C3%B3
Xiaomi Mi 11T Pro 5G,Meteorite Gray,128 GB,Nagyon jó,2 év,95.990 Ft,https://www.rejoy.hu/hu/shop/xiaomi/mobiltelefon-xiaomi-mi-11t-pro-5g-128gb-meteorite-gray/72529/?shape=Nagyon%20j%C3%B3
Samsung Galaxy S20,Cosmic Gray,128 GB,Újszerű,2 év,95.990 Ft,https://www.rejoy.hu/hu/shop/samsung/mobiltelefon-samsung-galaxy-s20-128gb-cosmic-gray/980/?shape=%C3%9Ajszer%C5%B1
Huawei P40 Dual Sim,Silver Frost,128 GB,Újszerű,2 év,95.990 Ft,https://www.rejoy.hu/hu/shop/huawei/mobiltelefon-huawei-p40-dual-sim-128gb-silver-frost/1580/?shape=%C3%9Ajszer%C5%B1
Samsung Galaxy A53 5G Dual Sim,Awesome Peach,256 GB,Nagyon jó,2 év,82.990 Ft,https://www.rejoy.hu/hu/shop/samsung/mobiltelefon-samsung-galaxy-a53-5g-dual-sim-256gb-awesome-peach/182818/?shape=Nagyon%20j%C3%B3
Samsung Galaxy A54 5G,Awesome Graphite,128 GB,Kiváló,2 év,81.990 Ft,https://www.rejoy.hu/hu/shop/samsung/mobiltelefon-samsung-galaxy-a54-5g-128gb-awesome-graphite/75267627/?shape=Kiv%C3%A1l%C3%B3
Apple iPhone SE 2020,Black,256 GB,Újszerű,2 év,79.990 Ft,https://www.rejoy.hu/hu/shop/apple/mobiltelefon-apple-iphone-se-2020-256gb-black/1006/?shape=%C3%9Ajszer%C5%B1
Xiaomi Poco F3 5G,Deep Ocean Blue,128 GB,Nagyon jó,2 év,79.990 Ft,https://www.rejoy.hu/hu/shop/xiaomi/mobiltelefon-xiaomi-poco-f3-5g-128gb-deep-ocean-blue/72646/?shape=Nagyon%20j%C3%B3
Huawei Nova Y91 Dual Sim,Starry Black,128 GB,Újszerű,2 év,79.990 Ft,https://www.rejoy.hu/hu/shop/huawei/mobiltelefon-huawei-nova-y91-dual-sim-128gb-starry-black/75268553/?shape=%C3%9Ajszer%C5%B1
Huawei Nova Y91 Dual Sim,Moonlight Silver,128 GB,Újszerű,2 év,79.990 Ft,https://www.rejoy.hu/hu/shop/huawei/mobiltelefon-huawei-nova-y91-dual-sim-128gb-moonlight-silver/75268555/?shape=%C3%9Ajszer%C5%B1
Samsung Galaxy S20 FE Dual Sim,Cloud Lavender,128 GB,Újszerű,2 év,78.990 Ft,https://www.rejoy.hu/hu/shop/samsung/mobiltelefon-samsung-galaxy-s20-fe-dual-sim-128gb-cloud-lavender/1392/?shape=%C3%9Ajszer%C5%B1
Samsung Galaxy S10 Plus Dual Sim,Prism Black,128 GB,Kiváló,2 év,78.990 Ft,https://www.rejoy.hu/hu/shop/samsung/mobiltelefon-samsung-galaxy-s10-plus-dual-sim-128gb-prism-black/374/?shape=Kiv%C3%A1l%C3%B3
Samsung Galaxy S20 FE Dual Sim,Cloud Navy,128 GB,Újszerű,2 év,78.990 Ft,https://www.rejoy.hu/hu/shop/samsung/mobiltelefon-samsung-galaxy-s20-fe-dual-sim-128gb-cloud-navy/1394/?shape=%C3%9Ajszer%C5%B1
Samsung Galaxy A72 Dual Sim,Black,128 GB,Újszerű,2 év,77.990 Ft,https://www.rejoy.hu/hu/shop/samsung/mobiltelefon-samsung-galaxy-a72-dual-sim-128gb-black/1468/?shape=%C3%9Ajszer%C5%B1
Apple iPhone 8 Plus,Gold,256 GB,Kiváló,2 év,75.990 Ft,https://www.rejoy.hu/hu/shop/apple/mobiltelefon-apple-iphone-8-plus-256gb-gold/131/?shape=Kiv%C3%A1l%C3%B3
Apple iPhone SE 2020,White,256 GB,Kiváló,2 év,75.990 Ft,https://www.rejoy.hu/hu/shop/apple/mobiltelefon-apple-iphone-se-2020-256gb-white/1004/?shape=Kiv%C3%A1l%C3%B3
Samsung Galaxy A53 5G Dual Sim,Awesome Black,128 GB,Újszerű,2 év,75.990 Ft,https://www.rejoy.hu/hu/shop/samsung/mobiltelefon-samsung-galaxy-a53-5g-dual-sim-128gb-awesome-black/182812/?shape=%C3%9Ajszer%C5%B1
Samsung Galaxy A53 5G Dual Sim,Awesome Peach,128 GB,Újszerű,2 év,75.990 Ft,https://www.rejoy.hu/hu/shop/samsung/mobiltelefon-samsung-galaxy-a53-5g-dual-sim-128gb-awesome-peach/182814/?shape=%C3%9Ajszer%C5%B1
Samsung Galaxy S20 FE Dual Sim,Cloud Mint,128 GB,Kiváló,2 év,75.990 Ft,https://www.rejoy.hu/hu/shop/samsung/mobiltelefon-samsung-galaxy-s20-fe-dual-sim-128gb-cloud-mint/1393/?shape=Kiv%C3%A1l%C3%B3
Apple iPhone X,Space Grey,64 GB,Újszerű,2 év,75.990 Ft,https://www.rejoy.hu/hu/shop/apple/mobiltelefon-apple-iphone-x-64gb-space-grey/133/?shape=%C3%9Ajszer%C5%B1
Huawei Nova 10 Dual Sim,Black,128 GB,Újszerű,2 év,75.990 Ft,https://www.rejoy.hu/hu/shop/huawei/mobiltelefon-huawei-nova-10-dual-sim-128gb-black/75268513/?shape=%C3%9Ajszer%C5%B1
Apple iPhone SE 2020,White,128 GB,Újszerű,2 év,74.990 Ft,https://www.rejoy.hu/hu/shop/apple/mobiltelefon-apple-iphone-se-2020-128gb-white/1001/?shape=%C3%9Ajszer%C5%B1
Apple iPhone SE 2020,Red,128 GB,Újszerű,2 év,74.990 Ft,https://www.rejoy.hu/hu/shop/apple/mobiltelefon-apple-iphone-se-2020-128gb-red/1002/?shape=%C3%9Ajszer%C5%B1
Samsung Galaxy S20 FE 5G Dual Sim,Cloud Orange,128 GB,Nagyon jó,2 év,74.990 Ft,https://www.rejoy.hu/hu/shop/samsung/mobiltelefon-samsung-galaxy-s20-fe-5g-dual-sim-128gb-cloud-orange/1421/?shape=Nagyon%20j%C3%B3
Apple iPhone 8,Space Grey,256 GB,Újszerű,2 év,74.990 Ft,https://www.rejoy.hu/hu/shop/apple/mobiltelefon-apple-iphone-8-256gb-space-grey/121/?shape=%C3%9Ajszer%C5%B1
Apple iPhone 8,Silver,256 GB,Újszerű,2 év,74.990 Ft,https://www.rejoy.hu/hu/shop/apple/mobiltelefon-apple-iphone-8-256gb-silver/122/?shape=%C3%9Ajszer%C5%B1
Xiaomi Mi 11T Dual Sim,Moonlight White,256 GB,Nagyon jó,2 év,73.990 Ft,https://www.rejoy.hu/hu/shop/xiaomi/mobiltelefon-xiaomi-mi-11t-dual-sim-256gb-moonlight-white/73143726/?shape=Nagyon%20j%C3%B3
Samsung Galaxy A53 5G Dual Sim,Awesome Blue,128 GB,Kiváló,2 év,73.990 Ft,https://www.rejoy.hu/hu/shop/samsung/mobiltelefon-samsung-galaxy-a53-5g-dual-sim-128gb-awesome-blue/182811/?shape=Kiv%C3%A1l%C3%B3
Samsung Galaxy A53 5G Dual Sim,Awesome White,128 GB,Kiváló,2 év,73.990 Ft,https://www.rejoy.hu/hu/shop/samsung/mobiltelefon-samsung-galaxy-a53-5g-dual-sim-128gb-awesome-white/182813/?shape=Kiv%C3%A1l%C3%B3
Samsung Galaxy S10 Plus Dual Sim,Ceramic Black,128 GB,Nagyon jó,2 év,73.990 Ft,https://www.rejoy.hu/hu/shop/samsung/mobiltelefon-samsung-galaxy-s10-plus-dual-sim-128gb-ceramic-black/378/?shape=Nagyon%20j%C3%B3
Huawei Nova 10 Dual Sim,Silver,128 GB,Kiváló,2 év,73.990 Ft,https://www.rejoy.hu/hu/shop/huawei/mobiltelefon-huawei-nova-10-dual-sim-128gb-silver/75268515/?shape=Kiv%C3%A1l%C3%B3
Samsung Galaxy A52S 5G Dual Sim,Awesome Black,128 GB,Újszerű,2 év,71.990 Ft,https://www.rejoy.hu/hu/shop/samsung/mobiltelefon-samsung-galaxy-a52s-5g-dual-sim-128gb-awesome-black/73283309/?shape=%C3%9Ajszer%C5%B1
Apple iPhone 8 Plus,Silver,256 GB,Nagyon jó,2 év,71.990 Ft,https://www.rejoy.hu/hu/shop/apple/mobiltelefon-apple-iphone-8-plus-256gb-silver/130/?shape=Nagyon%20j%C3%B3
Apple iPhone X,Silver,64 GB,Kiváló,2 év,71.990 Ft,https://www.rejoy.hu/hu/shop/apple/mobiltelefon-apple-iphone-x-64gb-silver/134/?shape=Kiv%C3%A1l%C3%B3
Apple iPhone 8 Plus,Space Grey,256 GB,Nagyon jó,2 év,71.990 Ft,https://www.rejoy.hu/hu/shop/apple/mobiltelefon-apple-iphone-8-plus-256gb-space-grey/129/?shape=Nagyon%20j%C3%B3
Apple iPhone XR,Black,64 GB,Újszerű,2 év,70.990 Ft,https://www.rejoy.hu/hu/shop/apple/mobiltelefon-apple-iphone-xr-64gb-black/137/?shape=%C3%9Ajszer%C5%B1
Apple iPhone XR,White,64 GB,Újszerű,2 év,70.990 Ft,https://www.rejoy.hu/hu/shop/apple/mobiltelefon-apple-iphone-xr-64gb-white/138/?shape=%C3%9Ajszer%C5%B1
Apple iPhone XR,Blue,64 GB,Újszerű,2 év,70.990 Ft,https://www.rejoy.hu/hu/shop/apple/mobiltelefon-apple-iphone-xr-64gb-blue/139/?shape=%C3%9Ajszer%C5%B1
Samsung Galaxy A53 5G Dual Sim,Awesome Peach,256 GB,Nagyon jó,2 év,82.990 Ft,https://www.rejoy.hu/hu/shop/samsung/mobiltelefon-samsung-galaxy-a53-5g-dual-sim-256gb-awesome-peach/182818/?shape=Nagyon%20j%C3%B3
Samsung Galaxy A54 5G,Awesome Graphite,128 GB,Kiváló,2 év,81.990 Ft,https://www.rejoy.hu/hu/shop/samsung/mobiltelefon-samsung-galaxy-a54-5g-128gb-awesome-graphite/75267627/?shape=Kiv%C3%A1l%C3%B3
Apple iPhone SE 2020,Black,256 GB,Újszerű,2 év,79.990 Ft,https://www.rejoy.hu/hu/shop/apple/mobiltelefon-apple-iphone-se-2020-256gb-black/1006/?shape=%C3%9Ajszer%C5%B1
Xiaomi Poco F3 5G,Deep Ocean Blue,128 GB,Nagyon jó,2 év,79.990 Ft,https://www.rejoy.hu/hu/shop/xiaomi/mobiltelefon-xiaomi-poco-f3-5g-128gb-deep-ocean-blue/72646/?shape=Nagyon%20j%C3%B3
Apple iPhone XR,Red,64 GB,Újszerű,2 év,70.990 Ft,https://www.rejoy.hu/hu/shop/apple/mobiltelefon-apple-iphone-xr-64gb-red/142/?shape=%C3%9Ajszer%C5%B1
Samsung Galaxy S10 Dual Sim,Prism Black,128 GB,Nagyon jó,2 év,70.990 Ft,https://www.rejoy.hu/hu/shop/samsung/mobiltelefon-samsung-galaxy-s10-dual-sim-128gb-prism-black/348/?shape=Nagyon%20j%C3%B3
Samsung Galaxy S10 Dual Sim,Prism Green,128 GB,Nagyon jó,2 év,70.990 Ft,https://www.rejoy.hu/hu/shop/samsung/mobiltelefon-samsung-galaxy-s10-dual-sim-128gb-prism-green/349/?shape=Nagyon%20j%C3%B3
Samsung Galaxy A52S 5G Dual Sim,Awesome Mint,128 GB,Kiváló,2 év,69.990 Ft,https://www.rejoy.hu/hu/shop/samsung/mobiltelefon-samsung-galaxy-a52s-5g-dual-sim-128gb-awesome-mint/73283315/?shape=Kiv%C3%A1l%C3%B3
Samsung Galaxy A52S 5G Dual Sim,Awesome White,128 GB,Kiváló,2 év,69.990 Ft,https://www.rejoy.hu/hu/shop/samsung/mobiltelefon-samsung-galaxy-a52s-5g-dual-sim-128gb-awesome-white/73283311/?shape=Kiv%C3%A1l%C3%B3
Samsung Galaxy A72 Dual Sim,Blue,128 GB,Nagyon jó,2 év,69.990 Ft,https://www.rejoy.hu/hu/shop/samsung/mobiltelefon-samsung-galaxy-a72-dual-sim-128gb-blue/1471/?shape=Nagyon%20j%C3%B3
Xiaomi Redmi Note 11 Pro Plus 5G,Mysterious Black,128 GB,Kiváló,2 év,68.990 Ft,https://www.rejoy.hu/hu/shop/xiaomi/mobiltelefon-xiaomi-redmi-note-11-pro-plus-5g-128gb-mysterious-black/75268092/?shape=Kiv%C3%A1l%C3%B3
Apple iPhone XR,Yellow,64 GB,Kiváló,2 év,67.990 Ft,https://www.rejoy.hu/hu/shop/apple/mobiltelefon-apple-iphone-xr-64gb-yellow/140/?shape=Kiv%C3%A1l%C3%B3
Apple iPhone XR,Coral,64 GB,Kiváló,2 év,67.990 Ft,https://www.rejoy.hu/hu/shop/apple/mobiltelefon-apple-iphone-xr-64gb-coral/141/?shape=Kiv%C3%A1l%C3%B3
Apple iPhone SE 2020,Black,128 GB,Kiváló,2 év,66.990 Ft,https://www.rejoy.hu/hu/shop/apple/mobiltelefon-apple-iphone-se-2020-128gb-black/1003/?shape=Kiv%C3%A1l%C3%B3
Xiaomi Mi Note 10,Midnight Black,128 GB,Újszerű,2 év,66.990 Ft,https://www.rejoy.hu/hu/shop/xiaomi/mobiltelefon-xiaomi-mi-note-10-128gb-midnight-black/72611/?shape=%C3%9Ajszer%C5%B1
Xiaomi Redmi Note 12 Pro 5G,Midnight Black,128 GB,Újszerű,2 év,64.990 Ft,https://www.rejoy.hu/hu/shop/xiaomi/mobiltelefon-xiaomi-redmi-note-12-pro-5g-128gb-midnight-black/75268067/?shape=%C3%9Ajszer%C5%B1
Apple iPhone 7,Rose Gold,256 GB,Újszerű,2 év,63.990 Ft,https://www.rejoy.hu/hu/shop/apple/mobiltelefon-apple-iphone-7-256gb-rose-gold/97/?shape=%C3%9Ajszer%C5%B1
Apple iPhone 8,Gold,256 GB,Nagyon jó,2 év,63.990 Ft,https://www.rejoy.hu/hu/shop/apple/mobiltelefon-apple-iphone-8-256gb-gold/123/?shape=Nagyon%20j%C3%B3
Apple iPhone 8 Plus,Space Grey,64 GB,Újszerű,2 év,63.990 Ft,https://www.rejoy.hu/hu/shop/apple/mobiltelefon-apple-iphone-8-plus-64gb-space-grey/125/?shape=%C3%9Ajszer%C5%B1
Apple iPhone 8 Plus,Silver,64 GB,Újszerű,2 év,63.990 Ft,https://www.rejoy.hu/hu/shop/apple/mobiltelefon-apple-iphone-8-plus-64gb-silver/126/?shape=%C3%9Ajszer%C5%B1
Apple iPhone 8 Plus,Gold,64 GB,Újszerű,2 év,63.990 Ft,https://www.rejoy.hu/hu/shop/apple/mobiltelefon-apple-iphone-8-plus-64gb-gold/127/?shape=%C3%9Ajszer%C5%B1
Samsung Galaxy A52 Dual Sim,Black,128 GB,Nagyon jó,2 év,62.990 Ft,https://www.rejoy.hu/hu/shop/samsung/mobiltelefon-samsung-galaxy-a52-dual-sim-128gb-black/1436/?shape=Nagyon%20j%C3%B3
Samsung Galaxy A52 Dual Sim,Blue,128 GB,Nagyon jó,2 év,62.990 Ft,https://www.rejoy.hu/hu/shop/samsung/mobiltelefon-samsung-galaxy-a52-dual-sim-128gb-blue/1439/?shape=Nagyon%20j%C3%B3
Huawei Mate 20,Midnight Blue,128 GB,Nagyon jó,2 év,61.990 Ft,https://www.rejoy.hu/hu/shop/huawei/mobiltelefon-huawei-mate-20-128gb-midnight-blue/644/?shape=Nagyon%20j%C3%B3
Samsung Galaxy XCover 5 Dual Sim,Black,64 GB,Kiváló,2 év,61.990 Ft,https://www.rejoy.hu/hu/shop/samsung/mobiltelefon-samsung-galaxy-xcover-5-dual-sim-64gb-black/73292622/?shape=Kiv%C3%A1l%C3%B3
Apple iPhone 7,Black,256 GB,Kiváló,2 év,59.990 Ft,https://www.rejoy.hu/hu/shop/apple/mobiltelefon-apple-iphone-7-256gb-black/87/?shape=Kiv%C3%A1l%C3%B3
Xiaomi Mi 10T Lite 5G,Pearl Gray,128 GB,Újszerű,2 év,59.990 Ft,https://www.rejoy.hu/hu/shop/xiaomi/mobiltelefon-xiaomi-mi-10t-lite-5g-128gb-pearl-gray/72490/?shape=%C3%9Ajszer%C5%B1
Apple iPhone 7,Jet Black,256 GB,Kiváló,2 év,59.990 Ft,https://www.rejoy.hu/hu/shop/apple/mobiltelefon-apple-iphone-7-256gb-jet-black/92/?shape=Kiv%C3%A1l%C3%B3
Apple iPhone SE 2020,White,64 GB,Újszerű,2 év,59.990 Ft,https://www.rejoy.hu/hu/shop/apple/mobiltelefon-apple-iphone-se-2020-64gb-white/998/?shape=%C3%9Ajszer%C5%B1
Apple iPhone SE 2020,Red,64 GB,Újszerű,2 év,59.990 Ft,https://www.rejoy.hu/hu/shop/apple/mobiltelefon-apple-iphone-se-2020-64gb-red/999/?shape=%C3%9Ajszer%C5%B1
Apple iPhone SE 2020,Black,64 GB,Újszerű,2 év,59.990 Ft,https://www.rejoy.hu/hu/shop/apple/mobiltelefon-apple-iphone-se-2020-64gb-black/1000/?shape=%C3%9Ajszer%C5%B1
Apple iPhone 8 Plus,Red,64 GB,Kiváló,2 év,59.990 Ft,https://www.rejoy.hu/hu/shop/apple/mobiltelefon-apple-iphone-8-plus-64gb-red/128/?shape=Kiv%C3%A1l%C3%B3
Samsung Galaxy A33 5G Dual Sim,Awesome Black,128 GB,Kiváló,2 év,58.990 Ft,https://www.rejoy.hu/hu/shop/samsung/mobiltelefon-samsung-galaxy-a33-5g-dual-sim-128gb-awesome-black/73134413/?shape=Kiv%C3%A1l%C3%B3
Huawei Mate 10 Pro Dual Sim,Midnight Blue,128 GB,Kiváló,2 év,58.990 Ft,https://www.rejoy.hu/hu/shop/huawei/mobiltelefon-huawei-mate-10-pro-dual-sim-128gb-midnight-blue/634/?shape=Kiv%C3%A1l%C3%B3
Huawei Mate 10 Pro Dual Sim,Mocha Brown,128 GB,Kiváló,2 év,58.990 Ft,https://www.rejoy.hu/hu/shop/huawei/mobiltelefon-huawei-mate-10-pro-dual-sim-128gb-mocha-brown/636/?shape=Kiv%C3%A1l%C3%B3
Xiaomi Mi 10T Lite 5G,Atlantic Blue,64 GB,Kiváló,2 év,57.990 Ft,https://www.rejoy.hu/hu/shop/xiaomi/mobiltelefon-xiaomi-mi-10t-lite-5g-64gb-atlantic-blue/72486/?shape=Kiv%C3%A1l%C3%B3
Samsung Galaxy A71 Dual Sim,Black,128 GB,Nagyon jó,2 év,57.990 Ft,https://www.rejoy.hu/hu/shop/samsung/mobiltelefon-samsung-galaxy-a71-dual-sim-128gb-black/1056/?shape=Nagyon%20j%C3%B3
Xiaomi Redmi Note 10 Pro,Onyx Gray,128 GB,Jó,2 év,56.990 Ft,https://www.rejoy.hu/hu/shop/xiaomi/mobiltelefon-xiaomi-redmi-note-10-pro-128gb-onyx-gray/72766/?shape=J%C3%B3
Apple iPhone XR,Red,64 GB,Újszerű,2 év,70.990 Ft,https://www.rejoy.hu/hu/shop/apple/mobiltelefon-apple-iphone-xr-64gb-red/142/?shape=%C3%9Ajszer%C5%B1
Samsung Galaxy S10 Dual Sim,Prism Black,128 GB,Nagyon jó,2 év,70.990 Ft,https://www.rejoy.hu/hu/shop/samsung/mobiltelefon-samsung-galaxy-s10-dual-sim-128gb-prism-black/348/?shape=Nagyon%20j%C3%B3
Samsung Galaxy S10 Dual Sim,Prism Green,128 GB,Nagyon jó,2 év,70.990 Ft,https://www.rejoy.hu/hu/shop/samsung/mobiltelefon-samsung-galaxy-s10-dual-sim-128gb-prism-green/349/?shape=Nagyon%20j%C3%B3
Samsung Galaxy A52S 5G Dual Sim,Awesome Mint,128 GB,Kiváló,2 év,69.990 Ft,https://www.rejoy.hu/hu/shop/samsung/mobiltelefon-samsung-galaxy-a52s-5g-dual-sim-128gb-awesome-mint/73283315/?shape=Kiv%C3%A1l%C3%B3
Samsung Galaxy A33 5G Dual Sim,Awesome Blue,128 GB,Jó,2 év,55.990 Ft,https://www.rejoy.hu/hu/shop/samsung/mobiltelefon-samsung-galaxy-a33-5g-dual-sim-128gb-awesome-blue/73134417/?shape=J%C3%B3
Huawei Nova 9 SE,Crystal Blue,128 GB,Újszerű,2 év,55.990 Ft,https://www.rejoy.hu/hu/shop/huawei/mobiltelefon-huawei-nova-9-se-128gb-crystal-blue/75268474/?shape=%C3%9Ajszer%C5%B1
Huawei P20 Pro Dual Sim,Midnight Blue,128 GB,Kiváló,2 év,52.990 Ft,https://www.rejoy.hu/hu/shop/huawei/mobiltelefon-huawei-p20-pro-dual-sim-128gb-midnight-blue/804/?shape=Kiv%C3%A1l%C3%B3
Huawei Nova 9 SE,Midnight Black,128 GB,Nagyon jó,2 év,52.990 Ft,https://www.rejoy.hu/hu/shop/huawei/mobiltelefon-huawei-nova-9-se-128gb-midnight-black/75268477/?shape=Nagyon%20j%C3%B3
Huawei Nova 9 SE,Pearl White,128 GB,Nagyon jó,2 év,52.990 Ft,https://www.rejoy.hu/hu/shop/huawei/mobiltelefon-huawei-nova-9-se-128gb-pearl-white/75268480/?shape=Nagyon%20j%C3%B3
Samsung Galaxy A13 Dual Sim,White,128 GB,Nagyon jó,2 év,51.990 Ft,https://www.rejoy.hu/hu/shop/samsung/mobiltelefon-samsung-galaxy-a13-dual-sim-128gb-white/73118124/?shape=Nagyon%20j%C3%B3
Apple iPhone 7,Black,128 GB,Újszerű,2 év,51.990 Ft,https://www.rejoy.hu/hu/shop/apple/mobiltelefon-apple-iphone-7-128gb-black/86/?shape=%C3%9Ajszer%C5%B1
Apple iPhone 7,Gold,128 GB,Újszerű,2 év,51.990 Ft,https://www.rejoy.hu/hu/shop/apple/mobiltelefon-apple-iphone-7-128gb-gold/89/?shape=%C3%9Ajszer%C5%B1
Apple iPhone 7,Silver,128 GB,Újszerű,2 év,51.990 Ft,https://www.rejoy.hu/hu/shop/apple/mobiltelefon-apple-iphone-7-128gb-silver/99/?shape=%C3%9Ajszer%C5%B1
Apple iPhone 7 Plus,Red,32 GB,Újszerű,2 év,51.990 Ft,https://www.rejoy.hu/hu/shop/apple/mobiltelefon-apple-iphone-7-plus-32gb-red/913/?shape=%C3%9Ajszer%C5%B1
Apple iPhone 7 Plus,Black,32 GB,Újszerű,2 év,51.990 Ft,https://www.rejoy.hu/hu/shop/apple/mobiltelefon-apple-iphone-7-plus-32gb-black/101/?shape=%C3%9Ajszer%C5%B1
Huawei Nova 11i,Starry Black,128 GB,Újszerű,2 év,51.990 Ft,https://www.rejoy.hu/hu/shop/huawei/mobiltelefon-huawei-nova-11i-128gb-starry-black/75268483/?shape=%C3%9Ajszer%C5%B1
Apple iPhone 8,Space Grey,64 GB,Újszerű,2 év,50.990 Ft,https://www.rejoy.hu/hu/shop/apple/mobiltelefon-apple-iphone-8-64gb-space-grey/117/?shape=%C3%9Ajszer%C5%B1
Apple iPhone 8,Silver,64 GB,Újszerű,2 év,50.990 Ft,https://www.rejoy.hu/hu/shop/apple/mobiltelefon-apple-iphone-8-64gb-silver/118/?shape=%C3%9Ajszer%C5%B1
Apple iPhone 7,Red,128 GB,Kiváló,2 év,49.990 Ft,https://www.rejoy.hu/hu/shop/apple/mobiltelefon-apple-iphone-7-128gb-red/93/?shape=Kiv%C3%A1l%C3%B3
Apple iPhone 7,Rose Gold,128 GB,Kiváló,2 év,49.990 Ft,https://www.rejoy.hu/hu/shop/apple/mobiltelefon-apple-iphone-7-128gb-rose-gold/96/?shape=Kiv%C3%A1l%C3%B3
Samsung Galaxy A30S Dual Sim,Black,64 GB,Kiváló,2 év,49.990 Ft,https://www.rejoy.hu/hu/shop/samsung/mobiltelefon-samsung-galaxy-a30s-dual-sim-64gb-black/1281/?shape=Kiv%C3%A1l%C3%B3
Apple iPhone 7 Plus,Red,128 GB,Nagyon jó,2 év,47.990 Ft,https://www.rejoy.hu/hu/shop/apple/mobiltelefon-apple-iphone-7-plus-128gb-red/109/?shape=Nagyon%20j%C3%B3
Apple iPhone 7 Plus,Rose Gold,32 GB,Kiváló,2 év,47.990 Ft,https://www.rejoy.hu/hu/shop/apple/mobiltelefon-apple-iphone-7-plus-32gb-rose-gold/111/?shape=Kiv%C3%A1l%C3%B3
Apple iPhone 7 Plus,Silver,32 GB,Kiváló,2 év,47.990 Ft,https://www.rejoy.hu/hu/shop/apple/mobiltelefon-apple-iphone-7-plus-32gb-silver/114/?shape=Kiv%C3%A1l%C3%B3
Apple iPhone 7 Plus,Gold,32 GB,Kiváló,2 év,47.990 Ft,https://www.rejoy.hu/hu/shop/apple/mobiltelefon-apple-iphone-7-plus-32gb-gold/104/?shape=Kiv%C3%A1l%C3%B3
Xiaomi Redmi Note 9 Pro,Tropical Green,128 GB,Nagyon jó,2 év,47.990 Ft,https://www.rejoy.hu/hu/shop/xiaomi/mobiltelefon-xiaomi-redmi-note-9-pro-128gb-tropical-green/72732/?shape=Nagyon%20j%C3%B3
Apple iPhone 8,Gold,64 GB,Kiváló,2 év,45.990 Ft,https://www.rejoy.hu/hu/shop/apple/mobiltelefon-apple-iphone-8-64gb-gold/119/?shape=Kiv%C3%A1l%C3%B3
Samsung Galaxy A13 Dual Sim,Black,64 GB,Újszerű,2 év,44.990 Ft,https://www.rejoy.hu/hu/shop/samsung/mobiltelefon-samsung-galaxy-a13-dual-sim-64gb-black/73118120/?shape=%C3%9Ajszer%C5%B1
Samsung Galaxy A7 (2018) Dual Sim,Gold,64 GB,Nagyon jó,2 év,44.990 Ft,https://www.rejoy.hu/hu/shop/samsung/mobiltelefon-samsung-galaxy-a7-2018-dual-sim-64gb-gold/503/?shape=Nagyon%20j%C3%B3
Apple iPhone 7 Plus,Black,128 GB,Jó,2 év,43.990 Ft,https://www.rejoy.hu/hu/shop/apple/mobiltelefon-apple-iphone-7-plus-128gb-black/102/?shape=J%C3%B3
Xiaomi Redmi Note 9 Pro,Tropical Green,64 GB,Nagyon jó,2 év,43.990 Ft,https://www.rejoy.hu/hu/shop/xiaomi/mobiltelefon-xiaomi-redmi-note-9-pro-64gb-tropical-green/72729/?shape=Nagyon%20j%C3%B3
Samsung Galaxy A13 Dual Sim,Blue,64 GB,Nagyon jó,2 év,41.990 Ft,https://www.rejoy.hu/hu/shop/samsung/mobiltelefon-samsung-galaxy-a13-dual-sim-64gb-blue/73118129/?shape=Nagyon%20j%C3%B3
Huawei Mate 20 Lite Dual Sim,Black,64 GB,Nagyon jó,2 év,41.990 Ft,https://www.rejoy.hu/hu/shop/huawei/mobiltelefon-huawei-mate-20-lite-dual-sim-64gb-black/668/?shape=Nagyon%20j%C3%B3
Apple iPhone 7,Black,32 GB,Újszerű,2 év,37.990 Ft,https://www.rejoy.hu/hu/shop/apple/mobiltelefon-apple-iphone-7-32gb-black/85/?shape=%C3%9Ajszer%C5%B1
Apple iPhone 7,Gold,32 GB,Újszerű,2 év,37.990 Ft,https://www.rejoy.hu/hu/shop/apple/mobiltelefon-apple-iphone-7-32gb-gold/88/?shape=%C3%9Ajszer%C5%B1
Apple iPhone 7,Silver,32 GB,Újszerű,2 év,37.990 Ft,https://www.rejoy.hu/hu/shop/apple/mobiltelefon-apple-iphone-7-32gb-silver/98/?shape=%C3%9Ajszer%C5%B1
Samsung Galaxy A6 Plus (2018) Dual Sim,Black,32 GB,Nagyon jó,2 év,37.990 Ft,https://www.rejoy.hu/hu/shop/samsung/mobiltelefon-samsung-galaxy-a6-plus-2018-dual-sim-32gb-black/565/?shape=Nagyon%20j%C3%B3
Huawei P20 Lite Dual Sim,Klein Blue,64 GB,Kiváló,2 év,37.990 Ft,https://www.rejoy.hu/hu/shop/huawei/mobiltelefon-huawei-p20-lite-dual-sim-64gb-klein-blue/822/?shape=Kiv%C3%A1l%C3%B3
Samsung Galaxy A33 5G Dual Sim,Awesome Blue,128 GB,Jó,2 év,55.990 Ft,https://www.rejoy.hu/hu/shop/samsung/mobiltelefon-samsung-galaxy-a33-5g-dual-sim-128gb-awesome-blue/73134417/?shape=J%C3%B3
Huawei Nova 9 SE,Crystal Blue,128 GB,Újszerű,2 év,55.990 Ft,https://www.rejoy.hu/hu/shop/huawei/mobiltelefon-huawei-nova-9-se-128gb-crystal-blue/75268474/?shape=%C3%9Ajszer%C5%B1
Huawei P20 Pro Dual Sim,Midnight Blue,128 GB,Kiváló,2 év,52.990 Ft,https://www.rejoy.hu/hu/shop/huawei/mobiltelefon-huawei-p20-pro-dual-sim-128gb-midnight-blue/804/?shape=Kiv%C3%A1l%C3%B3
Huawei Nova 9 SE,Midnight Black,128 GB,Nagyon jó,2 év,52.990 Ft,https://www.rejoy.hu/hu/shop/huawei/mobiltelefon-huawei-nova-9-se-128gb-midnight-black/75268477/?shape=Nagyon%20j%C3%B3
Xiaomi Redmi Note 8 Pro,Blue,64 GB,Nagyon jó,2 év,36.990 Ft,https://www.rejoy.hu/hu/shop/xiaomi/mobiltelefon-xiaomi-redmi-note-8-pro-64gb-blue/72702/?shape=Nagyon%20j%C3%B3
Apple iPhone 7,Rose Gold,32 GB,Nagyon jó,2 év,34.990 Ft,https://www.rejoy.hu/hu/shop/apple/mobiltelefon-apple-iphone-7-32gb-rose-gold/95/?shape=Nagyon%20j%C3%B3
Samsung Galaxy A20e,Black,32 GB,Nagyon jó,2 év,33.990 Ft,https://www.rejoy.hu/hu/shop/samsung/mobiltelefon-samsung-galaxy-a20e-32gb-black/1051/?shape=Nagyon%20j%C3%B3
Xiaomi Redmi Note 8 Pro,Blue,64 GB,Nagyon jó,2 év,36.990 Ft,https://www.rejoy.hu/hu/shop/xiaomi/mobiltelefon-xiaomi-redmi-note-8-pro-64gb-blue/72702/?shape=Nagyon%20j%C3%B3
Apple iPhone 7,Rose Gold,32 GB,Nagyon jó,2 év,34.990 Ft,https://www.rejoy.hu/hu/shop/apple/mobiltelefon-apple-iphone-7-32gb-rose-gold/95/?shape=Nagyon%20j%C3%B3
Samsung Galaxy A20e,Black,32 GB,Nagyon jó,2 év,33.990 Ft,https://www.rejoy.hu/hu/shop/samsung/mobiltelefon-samsung-galaxy-a20e-32gb-black/1051/?shape=Nagyon%20j%C3%B3
