Time,Title,Color,Memory,Status,Warranty,Price,Link
2025-02-09_12,Apple iPhone 15 Pro Max,Black Titanium,1 TB,Újszerű,2 év,588990,https://www.rejoy.hu/hu/shop/apple/mobiltelefon-apple-iphone-15-pro-max-1tb-black-titanium/75267963/?shape=%C3%9Ajszer%C5%B1
2025-02-09_12,Apple iPhone 15 Pro Max,Natural Titanium,1 TB,Kiváló,2 év,570990,https://www.rejoy.hu/hu/shop/apple/mobiltelefon-apple-iphone-15-pro-max-1tb-natural-titanium/75267966/?shape=Kiv%C3%A1l%C3%B3
2025-02-09_12,Apple iPhone 15 Pro,Blue Titanium,1 TB,Újszerű,2 év,524990,https://www.rejoy.hu/hu/shop/apple/mobiltelefon-apple-iphone-15-pro-1tb-blue-titanium/75267953/?shape=%C3%9Ajszer%C5%B1
2025-02-09_12,Apple iPhone 15 Pro,Black Titanium,1 TB,Kiváló,2 év,508990,https://www.rejoy.hu/hu/shop/apple/mobiltelefon-apple-iphone-15-pro-1tb-black-titanium/75267945/?shape=Kiv%C3%A1l%C3%B3
2025-02-09_12,Apple iPhone 15 Pro,Natural Titanium,1 TB,Kiváló,2 év,508990,https://www.rejoy.hu/hu/shop/apple/mobiltelefon-apple-iphone-15-pro-1tb-natural-titanium/75267949/?shape=Kiv%C3%A1l%C3%B3
2025-02-09_12,Apple iPhone 15 Pro Max,Blue Titanium,512 GB,Újszerű,2 év,453990,https://www.rejoy.hu/hu/shop/apple/mobiltelefon-apple-iphone-15-pro-max-512gb-blue-titanium/75267959/?shape=%C3%9Ajszer%C5%B1
2025-02-09_12,Apple iPhone 15 Pro Max,Natural Titanium,512 GB,Újszerű,2 év,453990,https://www.rejoy.hu/hu/shop/apple/mobiltelefon-apple-iphone-15-pro-max-512gb-natural-titanium/75267965/?shape=%C3%9Ajszer%C5%B1
2025-02-09_12,Apple iPhone 15 Pro,Natural Titanium,512 GB,Újszerű,2 év,451990,https://www.rejoy.hu/hu/shop/apple/mobiltelefon-apple-iphone-15-pro-512gb-natural-titanium/75267948/?shape=%C3%9Ajszer%C5%B1
2025-02-09_12,Apple iPhone 15 Pro,Blue Titanium,512 GB,Újszerű,2 év,451990,https://www.rejoy.hu/hu/shop/apple/mobiltelefon-apple-iphone-15-pro-512gb-blue-titanium/75267952/?shape=%C3%9Ajszer%C5%B1
2025-02-09_12,Samsung Galaxy Z Fold6,Pink,256 GB,Újszerű,2 év,441990,https://www.rejoy.hu/hu/shop/samsung/mobiltelefon-samsung-galaxy-z-fold6-256gb-pink/75269212/?shape=%C3%9Ajszer%C5%B1
2025-02-09_12,Apple iPhone 14 Pro Max,Gold,1 TB,Újszerű,2 év,440990,https://www.rejoy.hu/hu/shop/apple/mobiltelefon-apple-iphone-14-pro-max-1tb-gold/14685880/?shape=%C3%9Ajszer%C5%B1
2025-02-09_12,Apple iPhone 15 Pro Max,Black Titanium,512 GB,Kiváló,2 év,440990,https://www.rejoy.hu/hu/shop/apple/mobiltelefon-apple-iphone-15-pro-max-512gb-black-titanium/75267962/?shape=Kiv%C3%A1l%C3%B3
2025-02-09_12,Apple iPhone 15 Pro,Black Titanium,512 GB,Kiváló,2 év,437990,https://www.rejoy.hu/hu/shop/apple/mobiltelefon-apple-iphone-15-pro-512gb-black-titanium/75267944/?shape=Kiv%C3%A1l%C3%B3
2025-02-09_12,Apple iPhone 14 Pro Max,Space Black,1 TB,Kiváló,2 év,429990,https://www.rejoy.hu/hu/shop/apple/mobiltelefon-apple-iphone-14-pro-max-1tb-space-black/14685878/?shape=Kiv%C3%A1l%C3%B3
2025-02-09_12,Apple iPhone 15 Pro,White Titanium,512 GB,Nagyon jó,2 év,424990,https://www.rejoy.hu/hu/shop/apple/mobiltelefon-apple-iphone-15-pro-512gb-white-titanium/75267956/?shape=Nagyon%20j%C3%B3
2025-02-09_12,Apple iPhone 14 Pro Max,Deep Purple,1 TB,Nagyon jó,2 év,419990,https://www.rejoy.hu/hu/shop/apple/mobiltelefon-apple-iphone-14-pro-max-1tb-deep-purple/14685881/?shape=Nagyon%20j%C3%B3
2025-02-09_12,Apple iPhone 14 Pro,Deep Purple,1 TB,Újszerű,2 év,415990,https://www.rejoy.hu/hu/shop/apple/mobiltelefon-apple-iphone-14-pro-1tb-deep-purple/14685865/?shape=%C3%9Ajszer%C5%B1
2025-02-09_12,Apple iPhone 14 Pro Max,Silver,1 TB,Jó,2 év,408990,https://www.rejoy.hu/hu/shop/apple/mobiltelefon-apple-iphone-14-pro-max-1tb-silver/14685879/?shape=J%C3%B3
2025-02-09_12,Apple iPhone 16,Pink,256 GB,Újszerű,2 év,405990,https://www.rejoy.hu/hu/shop/apple/mobiltelefon-apple-iphone-16-256gb-pink/75269281/?shape=%C3%9Ajszer%C5%B1
2025-02-09_12,Apple iPhone 16,Teal,256 GB,Újszerű,2 év,405990,https://www.rejoy.hu/hu/shop/apple/mobiltelefon-apple-iphone-16-256gb-teal/75269284/?shape=%C3%9Ajszer%C5%B1
2025-02-09_12,Apple iPhone 14 Pro Max,Silver,512 GB,Újszerű,2 év,398990,https://www.rejoy.hu/hu/shop/apple/mobiltelefon-apple-iphone-14-pro-max-512gb-silver/14685875/?shape=%C3%9Ajszer%C5%B1
2025-02-09_12,Apple iPhone 15 Pro,Black Titanium,256 GB,Újszerű,2 év,394990,https://www.rejoy.hu/hu/shop/apple/mobiltelefon-apple-iphone-15-pro-256gb-black-titanium/75267943/?shape=%C3%9Ajszer%C5%B1
2025-02-09_12,Apple iPhone 14 Pro Max,Space Black,512 GB,Kiváló,2 év,388990,https://www.rejoy.hu/hu/shop/apple/mobiltelefon-apple-iphone-14-pro-max-512gb-space-black/14685874/?shape=Kiv%C3%A1l%C3%B3
2025-02-09_12,Apple iPhone 14 Pro Max,Deep Purple,512 GB,Kiváló,2 év,388990,https://www.rejoy.hu/hu/shop/apple/mobiltelefon-apple-iphone-14-pro-max-512gb-deep-purple/14685877/?shape=Kiv%C3%A1l%C3%B3
2025-02-09_12,Apple iPhone 15 Pro Max,Blue Titanium,256 GB,Újszerű,2 év,388990,https://www.rejoy.hu/hu/shop/apple/mobiltelefon-apple-iphone-15-pro-max-256gb-blue-titanium/75267958/?shape=%C3%9Ajszer%C5%B1
2025-02-09_12,Apple iPhone 15 Pro Max,Natural Titanium,256 GB,Újszerű,2 év,388990,https://www.rejoy.hu/hu/shop/apple/mobiltelefon-apple-iphone-15-pro-max-256gb-natural-titanium/75267964/?shape=%C3%9Ajszer%C5%B1
2025-02-09_12,Apple iPhone 15 Pro,Natural Titanium,256 GB,Kiváló,2 év,382990,https://www.rejoy.hu/hu/shop/apple/mobiltelefon-apple-iphone-15-pro-256gb-natural-titanium/75267947/?shape=Kiv%C3%A1l%C3%B3
2025-02-09_12,Apple iPhone 15 Pro,Blue Titanium,256 GB,Kiváló,2 év,382990,https://www.rejoy.hu/hu/shop/apple/mobiltelefon-apple-iphone-15-pro-256gb-blue-titanium/75267951/?shape=Kiv%C3%A1l%C3%B3
2025-02-09_12,Apple iPhone 15 Pro,White Titanium,256 GB,Kiváló,2 év,382990,https://www.rejoy.hu/hu/shop/apple/mobiltelefon-apple-iphone-15-pro-256gb-white-titanium/75267955/?shape=Kiv%C3%A1l%C3%B3
2025-02-09_12,Samsung Galaxy Z Fold5 Dual Sim,Phantom Black,512 GB,Újszerű,2 év,380990,https://www.rejoy.hu/hu/shop/samsung/mobiltelefon-samsung-galaxy-z-fold5-dual-sim-512gb-phantom-black/75268265/?shape=%C3%9Ajszer%C5%B1
2025-02-09_12,Apple iPhone 14 Pro Max,Gold,512 GB,Nagyon jó,2 év,378990,https://www.rejoy.hu/hu/shop/apple/mobiltelefon-apple-iphone-14-pro-max-512gb-gold/14685876/?shape=Nagyon%20j%C3%B3
2025-02-09_12,Apple iPhone 15 Pro Max,Black Titanium,256 GB,Nagyon jó,2 év,366990,https://www.rejoy.hu/hu/shop/apple/mobiltelefon-apple-iphone-15-pro-max-256gb-black-titanium/75267961/?shape=Nagyon%20j%C3%B3
2025-02-09_12,Samsung Galaxy Z Fold5 Dual Sim,Icy Blue,256 GB,Újszerű,2 év,360990,https://www.rejoy.hu/hu/shop/samsung/mobiltelefon-samsung-galaxy-z-fold5-dual-sim-256gb-icy-blue/75268261/?shape=%C3%9Ajszer%C5%B1
2025-02-09_12,Huawei Mate Xs 2,White,512 GB,Újszerű,2 év,359990,https://www.rejoy.hu/hu/shop/huawei/mobiltelefon-huawei-mate-xs-2-512gb-white/75268473/?shape=%C3%9Ajszer%C5%B1
2025-02-09_12,Apple iPhone 15 Pro Max,Black Titanium,1 TB,Újszerű,2 év,588990,https://www.rejoy.hu/hu/shop/apple/mobiltelefon-apple-iphone-15-pro-max-1tb-black-titanium/75267963/?shape=%C3%9Ajszer%C5%B1
2025-02-09_12,Apple iPhone 15 Pro Max,Natural Titanium,1 TB,Kiváló,2 év,570990,https://www.rejoy.hu/hu/shop/apple/mobiltelefon-apple-iphone-15-pro-max-1tb-natural-titanium/75267966/?shape=Kiv%C3%A1l%C3%B3
2025-02-09_12,Apple iPhone 15 Pro,Blue Titanium,1 TB,Újszerű,2 év,524990,https://www.rejoy.hu/hu/shop/apple/mobiltelefon-apple-iphone-15-pro-1tb-blue-titanium/75267953/?shape=%C3%9Ajszer%C5%B1
2025-02-09_12,Apple iPhone 15 Pro,Black Titanium,1 TB,Kiváló,2 év,508990,https://www.rejoy.hu/hu/shop/apple/mobiltelefon-apple-iphone-15-pro-1tb-black-titanium/75267945/?shape=Kiv%C3%A1l%C3%B3
2025-02-09_12,Samsung Galaxy Z Fold5 Dual Sim,Cream,512 GB,Nagyon jó,2 év,356990,https://www.rejoy.hu/hu/shop/samsung/mobiltelefon-samsung-galaxy-z-fold5-dual-sim-512gb-cream/75268268/?shape=Nagyon%20j%C3%B3
2025-02-09_12,Samsung Galaxy Z Fold5 Dual Sim,Blue,512 GB,Nagyon jó,2 év,356990,https://www.rejoy.hu/hu/shop/samsung/mobiltelefon-samsung-galaxy-z-fold5-dual-sim-512gb-blue/75269145/?shape=Nagyon%20j%C3%B3
2025-02-09_12,Apple iPhone 13 Pro Max,Sierra Blue,1 TB,Újszerű,2 év,355990,https://www.rejoy.hu/hu/shop/apple/mobiltelefon-apple-iphone-13-pro-max-1tb-sierra-blue/69009/?shape=%C3%9Ajszer%C5%B1
2025-02-09_12,Apple iPhone 13 Pro Max,Graphite,1 TB,Újszerű,2 év,355990,https://www.rejoy.hu/hu/shop/apple/mobiltelefon-apple-iphone-13-pro-max-1tb-graphite/69006/?shape=%C3%9Ajszer%C5%B1
2025-02-09_12,Apple iPhone 14 Pro,Space Black,512 GB,Nagyon jó,2 év,349990,https://www.rejoy.hu/hu/shop/apple/mobiltelefon-apple-iphone-14-pro-512gb-space-black/14685858/?shape=Nagyon%20j%C3%B3
2025-02-09_12,Samsung Galaxy Z Fold5 Dual Sim,Phantom Black,256 GB,Kiváló,2 év,349990,https://www.rejoy.hu/hu/shop/samsung/mobiltelefon-samsung-galaxy-z-fold5-dual-sim-256gb-phantom-black/75268264/?shape=Kiv%C3%A1l%C3%B3
2025-02-09_12,Apple iPhone 15 Plus,Blue,256 GB,Újszerű,2 év,340990,https://www.rejoy.hu/hu/shop/apple/mobiltelefon-apple-iphone-15-plus-256gb-blue/75267971/?shape=%C3%9Ajszer%C5%B1
2025-02-09_12,Apple iPhone 15 Plus,Pink,256 GB,Újszerű,2 év,340990,https://www.rejoy.hu/hu/shop/apple/mobiltelefon-apple-iphone-15-plus-256gb-pink/75267974/?shape=%C3%9Ajszer%C5%B1
2025-02-09_12,Apple iPhone 15 Plus,Yellow,256 GB,Újszerű,2 év,340990,https://www.rejoy.hu/hu/shop/apple/mobiltelefon-apple-iphone-15-plus-256gb-yellow/75267980/?shape=%C3%9Ajszer%C5%B1
2025-02-09_12,Apple iPhone 14 Pro,Deep Purple,512 GB,Jó,2 év,338990,https://www.rejoy.hu/hu/shop/apple/mobiltelefon-apple-iphone-14-pro-512gb-deep-purple/14685861/?shape=J%C3%B3
2025-02-09_12,Apple iPhone 13 Pro Max,Gold,1 TB,Nagyon jó,2 év,333990,https://www.rejoy.hu/hu/shop/apple/mobiltelefon-apple-iphone-13-pro-max-1tb-gold/69007/?shape=Nagyon%20j%C3%B3
2025-02-09_12,Apple iPhone 13 Pro Max,Silver,1 TB,Nagyon jó,2 év,333990,https://www.rejoy.hu/hu/shop/apple/mobiltelefon-apple-iphone-13-pro-max-1tb-silver/69008/?shape=Nagyon%20j%C3%B3
2025-02-09_12,Apple iPhone 15 Plus,Black,256 GB,Kiváló,2 év,330990,https://www.rejoy.hu/hu/shop/apple/mobiltelefon-apple-iphone-15-plus-256gb-black/75267977/?shape=Kiv%C3%A1l%C3%B3
2025-02-09_12,Apple iPhone 14 Pro,Deep Purple,256 GB,Újszerű,2 év,329990,https://www.rejoy.hu/hu/shop/apple/mobiltelefon-apple-iphone-14-pro-256gb-deep-purple/14685857/?shape=%C3%9Ajszer%C5%B1
2025-02-09_12,Apple iPhone 14 Pro Max,Space Black,256 GB,Kiváló,2 év,326990,https://www.rejoy.hu/hu/shop/apple/mobiltelefon-apple-iphone-14-pro-max-256gb-space-black/14685870/?shape=Kiv%C3%A1l%C3%B3
2025-02-09_12,Apple iPhone 14 Pro Max,Deep Purple,256 GB,Kiváló,2 év,326990,https://www.rejoy.hu/hu/shop/apple/mobiltelefon-apple-iphone-14-pro-max-256gb-deep-purple/14685873/?shape=Kiv%C3%A1l%C3%B3
2025-02-09_12,Apple iPhone 16,Pink,128 GB,Újszerű,2 év,323990,https://www.rejoy.hu/hu/shop/apple/mobiltelefon-apple-iphone-16-128gb-pink/75269280/?shape=%C3%9Ajszer%C5%B1
2025-02-09_12,Apple iPhone 13 Pro Max,Graphite,512 GB,Újszerű,2 év,315990,https://www.rejoy.hu/hu/shop/apple/mobiltelefon-apple-iphone-13-pro-max-512gb-graphite/69002/?shape=%C3%9Ajszer%C5%B1
2025-02-09_12,Apple iPhone 13 Pro Max,Sierra Blue,512 GB,Újszerű,2 év,315990,https://www.rejoy.hu/hu/shop/apple/mobiltelefon-apple-iphone-13-pro-max-512gb-sierra-blue/69005/?shape=%C3%9Ajszer%C5%B1
2025-02-09_12,Apple iPhone 13 Pro Max,Green,512 GB,Újszerű,2 év,315990,https://www.rejoy.hu/hu/shop/apple/mobiltelefon-apple-iphone-13-pro-max-512gb-green/111535/?shape=%C3%9Ajszer%C5%B1
2025-02-09_12,Apple iPhone 13 Pro,Silver,1 TB,Újszerű,2 év,315990,https://www.rejoy.hu/hu/shop/apple/mobiltelefon-apple-iphone-13-pro-1tb-silver/68991/?shape=%C3%9Ajszer%C5%B1
2025-02-09_12,Apple iPhone 14 Pro,Space Black,256 GB,Kiváló,2 év,314990,https://www.rejoy.hu/hu/shop/apple/mobiltelefon-apple-iphone-14-pro-256gb-space-black/14685854/?shape=Kiv%C3%A1l%C3%B3
2025-02-09_12,Apple iPhone 13 Pro Max,Silver,512 GB,Kiváló,2 év,312990,https://www.rejoy.hu/hu/shop/apple/mobiltelefon-apple-iphone-13-pro-max-512gb-silver/69004/?shape=Kiv%C3%A1l%C3%B3
2025-02-09_12,Apple iPhone 14 Pro Max,Gold,256 GB,Jó,2 év,312990,https://www.rejoy.hu/hu/shop/apple/mobiltelefon-apple-iphone-14-pro-max-256gb-gold/14685872/?shape=J%C3%B3
2025-02-09_12,Apple iPhone 15,Pink,256 GB,Újszerű,2 év,308990,https://www.rejoy.hu/hu/shop/apple/mobiltelefon-apple-iphone-15-256gb-pink/75267925/?shape=%C3%9Ajszer%C5%B1
2025-02-09_12,Apple iPhone 15,Green,256 GB,Újszerű,2 év,308990,https://www.rejoy.hu/hu/shop/apple/mobiltelefon-apple-iphone-15-256gb-green/75267928/?shape=%C3%9Ajszer%C5%B1
2025-02-09_12,Apple iPhone 15,Yellow,256 GB,Újszerű,2 év,308990,https://www.rejoy.hu/hu/shop/apple/mobiltelefon-apple-iphone-15-256gb-yellow/75267931/?shape=%C3%9Ajszer%C5%B1
2025-02-09_12,Apple iPhone 15,Blue,256 GB,Újszerű,2 év,308990,https://www.rejoy.hu/hu/shop/apple/mobiltelefon-apple-iphone-15-256gb-blue/75267934/?shape=%C3%9Ajszer%C5%B1
2025-02-09_12,Apple iPhone 13 Pro,Gold,1 TB,Kiváló,2 év,307990,https://www.rejoy.hu/hu/shop/apple/mobiltelefon-apple-iphone-13-pro-1tb-gold/68990/?shape=Kiv%C3%A1l%C3%B3
2025-02-09_12,Apple iPhone 13 Pro,Sierra Blue,1 TB,Kiváló,2 év,307990,https://www.rejoy.hu/hu/shop/apple/mobiltelefon-apple-iphone-13-pro-1tb-sierra-blue/68992/?shape=Kiv%C3%A1l%C3%B3
2025-02-09_12,Apple iPhone 13 Pro Max,Gold,512 GB,Nagyon jó,2 év,306990,https://www.rejoy.hu/hu/shop/apple/mobiltelefon-apple-iphone-13-pro-max-512gb-gold/69003/?shape=Nagyon%20j%C3%B3
2025-02-09_12,Apple iPhone 15 Plus,Black,128 GB,Újszerű,2 év,305990,https://www.rejoy.hu/hu/shop/apple/mobiltelefon-apple-iphone-15-plus-128gb-black/75267976/?shape=%C3%9Ajszer%C5%B1
2025-02-09_12,Apple iPhone 14 Plus,Purple,512 GB,Nagyon jó,2 év,302990,https://www.rejoy.hu/hu/shop/apple/mobiltelefon-apple-iphone-14-plus-512gb-purple/14685846/?shape=Nagyon%20j%C3%B3
2025-02-09_12,Apple iPhone 15,Black,512 GB,Jó,2 év,302990,https://www.rejoy.hu/hu/shop/apple/mobiltelefon-apple-iphone-15-512gb-black/75267923/?shape=J%C3%B3
2025-02-09_12,Samsung Galaxy Z Fold5 Dual Sim,Cream,512 GB,Nagyon jó,2 év,356990,https://www.rejoy.hu/hu/shop/samsung/mobiltelefon-samsung-galaxy-z-fold5-dual-sim-512gb-cream/75268268/?shape=Nagyon%20j%C3%B3
2025-02-09_12,Samsung Galaxy Z Fold5 Dual Sim,Blue,512 GB,Nagyon jó,2 év,356990,https://www.rejoy.hu/hu/shop/samsung/mobiltelefon-samsung-galaxy-z-fold5-dual-sim-512gb-blue/75269145/?shape=Nagyon%20j%C3%B3
2025-02-09_12,Apple iPhone 13 Pro Max,Sierra Blue,1 TB,Újszerű,2 év,355990,https://www.rejoy.hu/hu/shop/apple/mobiltelefon-apple-iphone-13-pro-max-1tb-sierra-blue/69009/?shape=%C3%9Ajszer%C5%B1
2025-02-09_12,Apple iPhone 13 Pro Max,Graphite,1 TB,Újszerű,2 év,355990,https://www.rejoy.hu/hu/shop/apple/mobiltelefon-apple-iphone-13-pro-max-1tb-graphite/69006/?shape=%C3%9Ajszer%C5%B1
2025-02-09_12,Apple iPhone 15,Black,256 GB,Kiváló,2 év,299990,https://www.rejoy.hu/hu/shop/apple/mobiltelefon-apple-iphone-15-256gb-black/75267922/?shape=Kiv%C3%A1l%C3%B3
2025-02-09_12,Apple iPhone 14,Blue,512 GB,Kiváló,2 év,295990,https://www.rejoy.hu/hu/shop/apple/mobiltelefon-apple-iphone-14-512gb-blue/14685833/?shape=Kiv%C3%A1l%C3%B3
2025-02-09_12,Apple iPhone 14,Purple,512 GB,Kiváló,2 év,295990,https://www.rejoy.hu/hu/shop/apple/mobiltelefon-apple-iphone-14-512gb-purple/14685831/?shape=Kiv%C3%A1l%C3%B3
2025-02-09_12,Apple iPhone 14,Red,512 GB,Kiváló,2 év,295990,https://www.rejoy.hu/hu/shop/apple/mobiltelefon-apple-iphone-14-512gb-red/14685834/?shape=Kiv%C3%A1l%C3%B3
2025-02-09_12,Apple iPhone 14 Pro,Gold,256 GB,Nagyon jó,2 év,288990,https://www.rejoy.hu/hu/shop/apple/mobiltelefon-apple-iphone-14-pro-256gb-gold/14685856/?shape=Nagyon%20j%C3%B3
2025-02-09_12,Apple iPhone 14,Midnight,512 GB,Nagyon jó,2 év,286990,https://www.rejoy.hu/hu/shop/apple/mobiltelefon-apple-iphone-14-512gb-midnight/14685830/?shape=Nagyon%20j%C3%B3
2025-02-09_12,Apple iPhone 14,Starlight,512 GB,Nagyon jó,2 év,286990,https://www.rejoy.hu/hu/shop/apple/mobiltelefon-apple-iphone-14-512gb-starlight/14685832/?shape=Nagyon%20j%C3%B3
2025-02-09_12,Apple iPhone 13 Pro,Green,1 TB,Jó,2 év,285990,https://www.rejoy.hu/hu/shop/apple/mobiltelefon-apple-iphone-13-pro-1tb-green/111520/?shape=J%C3%B3
2025-02-09_12,Apple iPhone 13 Pro Max,Sierra Blue,256 GB,Újszerű,2 év,282990,https://www.rejoy.hu/hu/shop/apple/mobiltelefon-apple-iphone-13-pro-max-256gb-sierra-blue/69001/?shape=%C3%9Ajszer%C5%B1
2025-02-09_12,Apple iPhone 13 Pro,Gold,512 GB,Újszerű,2 év,282990,https://www.rejoy.hu/hu/shop/apple/mobiltelefon-apple-iphone-13-pro-512gb-gold/68987/?shape=%C3%9Ajszer%C5%B1
2025-02-09_12,Apple iPhone 13 Pro,Sierra Blue,512 GB,Újszerű,2 év,282990,https://www.rejoy.hu/hu/shop/apple/mobiltelefon-apple-iphone-13-pro-512gb-sierra-blue/68989/?shape=%C3%9Ajszer%C5%B1
2025-02-09_12,Apple iPhone 13 Pro Max,Gold,256 GB,Újszerű,2 év,282990,https://www.rejoy.hu/hu/shop/apple/mobiltelefon-apple-iphone-13-pro-max-256gb-gold/68999/?shape=%C3%9Ajszer%C5%B1
2025-02-09_12,Apple iPhone 13 Pro,Graphite,512 GB,Újszerű,2 év,282990,https://www.rejoy.hu/hu/shop/apple/mobiltelefon-apple-iphone-13-pro-512gb-graphite/68986/?shape=%C3%9Ajszer%C5%B1
2025-02-09_12,Apple iPhone 14 Pro Max,Space Black,128 GB,Kiváló,2 év,278990,https://www.rejoy.hu/hu/shop/apple/mobiltelefon-apple-iphone-14-pro-max-128gb-space-black/14685866/?shape=Kiv%C3%A1l%C3%B3
2025-02-09_12,Apple iPhone 14 Pro Max,Silver,128 GB,Kiváló,2 év,278990,https://www.rejoy.hu/hu/shop/apple/mobiltelefon-apple-iphone-14-pro-max-128gb-silver/14685867/?shape=Kiv%C3%A1l%C3%B3
2025-02-09_12,Apple iPhone 14 Pro Max,Deep Purple,128 GB,Kiváló,2 év,278990,https://www.rejoy.hu/hu/shop/apple/mobiltelefon-apple-iphone-14-pro-max-128gb-deep-purple/14685869/?shape=Kiv%C3%A1l%C3%B3
2025-02-09_12,Apple iPhone 14 Pro,Space Black,128 GB,Kiváló,2 év,274990,https://www.rejoy.hu/hu/shop/apple/mobiltelefon-apple-iphone-14-pro-128gb-space-black/14685850/?shape=Kiv%C3%A1l%C3%B3
2025-02-09_12,Apple iPhone 14 Pro,Deep Purple,128 GB,Kiváló,2 év,274990,https://www.rejoy.hu/hu/shop/apple/mobiltelefon-apple-iphone-14-pro-128gb-deep-purple/14685853/?shape=Kiv%C3%A1l%C3%B3
2025-02-09_12,Apple iPhone 13 Pro Max,Green,256 GB,Kiváló,2 év,272990,https://www.rejoy.hu/hu/shop/apple/mobiltelefon-apple-iphone-13-pro-max-256gb-green/111530/?shape=Kiv%C3%A1l%C3%B3
2025-02-09_12,Apple iPhone 14 Pro Max,Gold,128 GB,Nagyon jó,2 év,272990,https://www.rejoy.hu/hu/shop/apple/mobiltelefon-apple-iphone-14-pro-max-128gb-gold/14685868/?shape=Nagyon%20j%C3%B3
2025-02-09_12,Apple iPhone 13 Pro Max,Graphite,256 GB,Kiváló,2 év,272990,https://www.rejoy.hu/hu/shop/apple/mobiltelefon-apple-iphone-13-pro-max-256gb-graphite/68998/?shape=Kiv%C3%A1l%C3%B3
2025-02-09_12,Apple iPhone 15,Black,128 GB,Nagyon jó,2 év,263990,https://www.rejoy.hu/hu/shop/apple/mobiltelefon-apple-iphone-15-128gb-black/75267921/?shape=Nagyon%20j%C3%B3
2025-02-09_12,Apple iPhone 13 Pro Max,Graphite,128 GB,Újszerű,2 év,259990,https://www.rejoy.hu/hu/shop/apple/mobiltelefon-apple-iphone-13-pro-max-128gb-graphite/68994/?shape=%C3%9Ajszer%C5%B1
2025-02-09_12,Apple iPhone 13 Pro Max,Gold,128 GB,Újszerű,2 év,259990,https://www.rejoy.hu/hu/shop/apple/mobiltelefon-apple-iphone-13-pro-max-128gb-gold/68995/?shape=%C3%9Ajszer%C5%B1
2025-02-09_12,Apple iPhone 13 Pro Max,Silver,128 GB,Újszerű,2 év,259990,https://www.rejoy.hu/hu/shop/apple/mobiltelefon-apple-iphone-13-pro-max-128gb-silver/68996/?shape=%C3%9Ajszer%C5%B1
2025-02-09_12,Apple iPhone 13 Pro Max,Sierra Blue,128 GB,Újszerű,2 év,259990,https://www.rejoy.hu/hu/shop/apple/mobiltelefon-apple-iphone-13-pro-max-128gb-sierra-blue/68997/?shape=%C3%9Ajszer%C5%B1
2025-02-09_12,Apple iPhone 13 Pro Max,Green,128 GB,Újszerű,2 év,259990,https://www.rejoy.hu/hu/shop/apple/mobiltelefon-apple-iphone-13-pro-max-128gb-green/111525/?shape=%C3%9Ajszer%C5%B1
2025-02-09_12,Apple iPhone 13 Pro Max,Silver,256 GB,Nagyon jó,2 év,251990,https://www.rejoy.hu/hu/shop/apple/mobiltelefon-apple-iphone-13-pro-max-256gb-silver/69000/?shape=Nagyon%20j%C3%B3
2025-02-09_12,Apple iPhone 13 Pro,Gold,256 GB,Újszerű,2 év,243990,https://www.rejoy.hu/hu/shop/apple/mobiltelefon-apple-iphone-13-pro-256gb-gold/68983/?shape=%C3%9Ajszer%C5%B1
2025-02-09_12,Apple iPhone 13 Pro,Silver,256 GB,Újszerű,2 év,243990,https://www.rejoy.hu/hu/shop/apple/mobiltelefon-apple-iphone-13-pro-256gb-silver/68984/?shape=%C3%9Ajszer%C5%B1
2025-02-09_12,Apple iPhone 13 Pro,Sierra Blue,256 GB,Újszerű,2 év,243990,https://www.rejoy.hu/hu/shop/apple/mobiltelefon-apple-iphone-13-pro-256gb-sierra-blue/68985/?shape=%C3%9Ajszer%C5%B1
2025-02-09_12,Apple iPhone 13 Pro,Green,256 GB,Újszerű,2 év,243990,https://www.rejoy.hu/hu/shop/apple/mobiltelefon-apple-iphone-13-pro-256gb-green/111510/?shape=%C3%9Ajszer%C5%B1
2025-02-09_12,Apple iPhone 13 Pro,Graphite,128 GB,Újszerű,2 év,239990,https://www.rejoy.hu/hu/shop/apple/mobiltelefon-apple-iphone-13-pro-128gb-graphite/68978/?shape=%C3%9Ajszer%C5%B1
2025-02-09_12,Apple iPhone 13 Pro,Gold,128 GB,Újszerű,2 év,239990,https://www.rejoy.hu/hu/shop/apple/mobiltelefon-apple-iphone-13-pro-128gb-gold/68979/?shape=%C3%9Ajszer%C5%B1
2025-02-09_12,Apple iPhone 15,Black,256 GB,Kiváló,2 év,299990,https://www.rejoy.hu/hu/shop/apple/mobiltelefon-apple-iphone-15-256gb-black/75267922/?shape=Kiv%C3%A1l%C3%B3
2025-02-09_12,Apple iPhone 14,Blue,512 GB,Kiváló,2 év,295990,https://www.rejoy.hu/hu/shop/apple/mobiltelefon-apple-iphone-14-512gb-blue/14685833/?shape=Kiv%C3%A1l%C3%B3
2025-02-09_12,Apple iPhone 14,Purple,512 GB,Kiváló,2 év,295990,https://www.rejoy.hu/hu/shop/apple/mobiltelefon-apple-iphone-14-512gb-purple/14685831/?shape=Kiv%C3%A1l%C3%B3
2025-02-09_12,Apple iPhone 14,Red,512 GB,Kiváló,2 év,295990,https://www.rejoy.hu/hu/shop/apple/mobiltelefon-apple-iphone-14-512gb-red/14685834/?shape=Kiv%C3%A1l%C3%B3
2025-02-09_12,Apple iPhone 13 Pro,Sierra Blue,128 GB,Újszerű,2 év,239990,https://www.rejoy.hu/hu/shop/apple/mobiltelefon-apple-iphone-13-pro-128gb-sierra-blue/68981/?shape=%C3%9Ajszer%C5%B1
2025-02-09_12,Apple iPhone 13 Pro,Green,128 GB,Újszerű,2 év,239990,https://www.rejoy.hu/hu/shop/apple/mobiltelefon-apple-iphone-13-pro-128gb-green/111505/?shape=%C3%9Ajszer%C5%B1
2025-02-09_12,Apple iPhone 13 Pro,Graphite,256 GB,Kiváló,2 év,238990,https://www.rejoy.hu/hu/shop/apple/mobiltelefon-apple-iphone-13-pro-256gb-graphite/68982/?shape=Kiv%C3%A1l%C3%B3
2025-02-09_12,Apple iPhone 12 Pro Max,Graphite,512 GB,Nagyon jó,2 év,231990,https://www.rejoy.hu/hu/shop/apple/mobiltelefon-apple-iphone-12-pro-max-512gb-graphite/1135/?shape=Nagyon%20j%C3%B3
2025-02-09_12,Apple iPhone 14,Midnight,256 GB,Újszerű,2 év,231990,https://www.rejoy.hu/hu/shop/apple/mobiltelefon-apple-iphone-14-256gb-midnight/23916104/?shape=%C3%9Ajszer%C5%B1
2025-02-09_12,Apple iPhone 14,Starlight,256 GB,Újszerű,2 év,231990,https://www.rejoy.hu/hu/shop/apple/mobiltelefon-apple-iphone-14-256gb-starlight/23916106/?shape=%C3%9Ajszer%C5%B1
2025-02-09_12,Apple iPhone 14,Blue,256 GB,Újszerű,2 év,231990,https://www.rejoy.hu/hu/shop/apple/mobiltelefon-apple-iphone-14-256gb-blue/23916107/?shape=%C3%9Ajszer%C5%B1
2025-02-09_12,Apple iPhone 14,Red,256 GB,Újszerű,2 év,231990,https://www.rejoy.hu/hu/shop/apple/mobiltelefon-apple-iphone-14-256gb-red/23916108/?shape=%C3%9Ajszer%C5%B1
2025-02-09_12,Apple iPhone 12 Pro Max,Gold,256 GB,Újszerű,2 év,225990,https://www.rejoy.hu/hu/shop/apple/mobiltelefon-apple-iphone-12-pro-max-256gb-gold/1132/?shape=%C3%9Ajszer%C5%B1
2025-02-09_12,Apple iPhone 12 Pro Max,Pacific Blue,256 GB,Újszerű,2 év,225990,https://www.rejoy.hu/hu/shop/apple/mobiltelefon-apple-iphone-12-pro-max-256gb-pacific-blue/1133/?shape=%C3%9Ajszer%C5%B1
2025-02-09_12,Huawei P60 Pro Dual Sim,Black,256 GB,Újszerű,2 év,223990,https://www.rejoy.hu/hu/shop/huawei/mobiltelefon-huawei-p60-pro-dual-sim-256gb-black/75268561/?shape=%C3%9Ajszer%C5%B1
2025-02-09_12,Apple iPhone 13 Pro,Silver,128 GB,Kiváló,2 év,222990,https://www.rejoy.hu/hu/shop/apple/mobiltelefon-apple-iphone-13-pro-128gb-silver/68980/?shape=Kiv%C3%A1l%C3%B3
2025-02-09_12,Samsung Galaxy Z Flip4 5G,Pink Gold,512 GB,Újszerű,2 év,221990,https://www.rejoy.hu/hu/shop/samsung/mobiltelefon-samsung-galaxy-z-flip4-5g-512gb-pink-gold/74239346/?shape=%C3%9Ajszer%C5%B1
2025-02-09_12,Apple iPhone 14,Purple,256 GB,Kiváló,2 év,221990,https://www.rejoy.hu/hu/shop/apple/mobiltelefon-apple-iphone-14-256gb-purple/23916105/?shape=Kiv%C3%A1l%C3%B3
2025-02-09_12,Samsung Galaxy Z Flip5,Graphite,256 GB,Újszerű,2 év,221990,https://www.rejoy.hu/hu/shop/samsung/mobiltelefon-samsung-galaxy-z-flip5-256gb-graphite/75268246/?shape=%C3%9Ajszer%C5%B1
2025-02-09_12,Apple iPhone 14 Plus,Yellow,128 GB,Újszerű,2 év,219990,https://www.rejoy.hu/hu/shop/apple/mobiltelefon-apple-iphone-14-plus-128gb-yellow/75262896/?shape=%C3%9Ajszer%C5%B1
2025-02-09_12,Apple iPhone 12 Pro Max,Graphite,256 GB,Kiváló,2 év,219990,https://www.rejoy.hu/hu/shop/apple/mobiltelefon-apple-iphone-12-pro-max-256gb-graphite/1131/?shape=Kiv%C3%A1l%C3%B3
2025-02-09_12,Apple iPhone 12 Pro Max,Silver,512 GB,Jó,2 év,219990,https://www.rejoy.hu/hu/shop/apple/mobiltelefon-apple-iphone-12-pro-max-512gb-silver/1134/?shape=J%C3%B3
2025-02-09_12,Apple iPhone 14 Plus,Purple,128 GB,Újszerű,2 év,219990,https://www.rejoy.hu/hu/shop/apple/mobiltelefon-apple-iphone-14-plus-128gb-purple/14685836/?shape=%C3%9Ajszer%C5%B1
2025-02-09_12,Apple iPhone 14 Plus,Starlight,128 GB,Újszerű,2 év,219990,https://www.rejoy.hu/hu/shop/apple/mobiltelefon-apple-iphone-14-plus-128gb-starlight/14685837/?shape=%C3%9Ajszer%C5%B1
2025-02-09_12,Apple iPhone 14 Plus,Blue,128 GB,Újszerű,2 év,219990,https://www.rejoy.hu/hu/shop/apple/mobiltelefon-apple-iphone-14-plus-128gb-blue/14685838/?shape=%C3%9Ajszer%C5%B1
2025-02-09_12,Apple iPhone 14 Plus,Red,128 GB,Kiváló,2 év,212990,https://www.rejoy.hu/hu/shop/apple/mobiltelefon-apple-iphone-14-plus-128gb-red/14685839/?shape=Kiv%C3%A1l%C3%B3
2025-02-09_12,Apple iPhone 14 Plus,Midnight,128 GB,Kiváló,2 év,212990,https://www.rejoy.hu/hu/shop/apple/mobiltelefon-apple-iphone-14-plus-128gb-midnight/14685835/?shape=Kiv%C3%A1l%C3%B3
2025-02-09_12,Apple iPhone 14,Yellow,128 GB,Újszerű,2 év,211990,https://www.rejoy.hu/hu/shop/apple/mobiltelefon-apple-iphone-14-128gb-yellow/75262890/?shape=%C3%9Ajszer%C5%B1
2025-02-09_12,Apple iPhone 12 Pro,Gold,512 GB,Kiváló,2 év,211990,https://www.rejoy.hu/hu/shop/apple/mobiltelefon-apple-iphone-12-pro-512gb-gold/1124/?shape=Kiv%C3%A1l%C3%B3
2025-02-09_12,Apple iPhone 14,Midnight,128 GB,Újszerű,2 év,211990,https://www.rejoy.hu/hu/shop/apple/mobiltelefon-apple-iphone-14-128gb-midnight/14685825/?shape=%C3%9Ajszer%C5%B1
2025-02-09_12,Apple iPhone 14,Purple,128 GB,Újszerű,2 év,211990,https://www.rejoy.hu/hu/shop/apple/mobiltelefon-apple-iphone-14-128gb-purple/14685826/?shape=%C3%9Ajszer%C5%B1
2025-02-09_12,Apple iPhone 14,Starlight,128 GB,Újszerű,2 év,211990,https://www.rejoy.hu/hu/shop/apple/mobiltelefon-apple-iphone-14-128gb-starlight/14685827/?shape=%C3%9Ajszer%C5%B1
2025-02-09_12,Apple iPhone 14,Blue,128 GB,Újszerű,2 év,211990,https://www.rejoy.hu/hu/shop/apple/mobiltelefon-apple-iphone-14-128gb-blue/14685828/?shape=%C3%9Ajszer%C5%B1
2025-02-09_12,Apple iPhone 14,Red,128 GB,Újszerű,2 év,211990,https://www.rejoy.hu/hu/shop/apple/mobiltelefon-apple-iphone-14-128gb-red/14685829/?shape=%C3%9Ajszer%C5%B1
2025-02-09_12,Huawei P60 Pro Dual Sim,Rococo Pearl,256 GB,Nagyon jó,2 év,210990,https://www.rejoy.hu/hu/shop/huawei/mobiltelefon-huawei-p60-pro-dual-sim-256gb-rococo-pearl/75268563/?shape=Nagyon%20j%C3%B3
2025-02-09_12,Apple iPhone 12 Pro Max,Silver,256 GB,Nagyon jó,2 év,209990,https://www.rejoy.hu/hu/shop/apple/mobiltelefon-apple-iphone-12-pro-max-256gb-silver/1130/?shape=Nagyon%20j%C3%B3
2025-02-09_12,Samsung Galaxy Z Flip5,Lavender,256 GB,Nagyon jó,2 év,208990,https://www.rejoy.hu/hu/shop/samsung/mobiltelefon-samsung-galaxy-z-flip5-256gb-lavender/75268248/?shape=Nagyon%20j%C3%B3
2025-02-09_12,Samsung Galaxy Z Fold3 5G,Phantom Black,512 GB,Újszerű,2 év,204990,https://www.rejoy.hu/hu/shop/samsung/mobiltelefon-samsung-galaxy-z-fold3-5g-512gb-phantom-black/73341492/?shape=%C3%9Ajszer%C5%B1
2025-02-09_12,Apple iPhone 13 Pro,Sierra Blue,128 GB,Újszerű,2 év,239990,https://www.rejoy.hu/hu/shop/apple/mobiltelefon-apple-iphone-13-pro-128gb-sierra-blue/68981/?shape=%C3%9Ajszer%C5%B1
2025-02-09_12,Apple iPhone 13 Pro,Green,128 GB,Újszerű,2 év,239990,https://www.rejoy.hu/hu/shop/apple/mobiltelefon-apple-iphone-13-pro-128gb-green/111505/?shape=%C3%9Ajszer%C5%B1
2025-02-09_12,Apple iPhone 13 Pro,Graphite,256 GB,Kiváló,2 év,238990,https://www.rejoy.hu/hu/shop/apple/mobiltelefon-apple-iphone-13-pro-256gb-graphite/68982/?shape=Kiv%C3%A1l%C3%B3
2025-02-09_12,Apple iPhone 12 Pro Max,Graphite,512 GB,Nagyon jó,2 év,231990,https://www.rejoy.hu/hu/shop/apple/mobiltelefon-apple-iphone-12-pro-max-512gb-graphite/1135/?shape=Nagyon%20j%C3%B3
2025-02-09_12,Apple iPhone 12 Pro Max,Graphite,128 GB,Újszerű,2 év,203990,https://www.rejoy.hu/hu/shop/apple/mobiltelefon-apple-iphone-12-pro-max-128gb-graphite/1127/?shape=%C3%9Ajszer%C5%B1
2025-02-09_12,Apple iPhone 12 Pro Max,Pacific Blue,128 GB,Újszerű,2 év,203990,https://www.rejoy.hu/hu/shop/apple/mobiltelefon-apple-iphone-12-pro-max-128gb-pacific-blue/1129/?shape=%C3%9Ajszer%C5%B1
2025-02-09_12,Apple iPhone 13 mini,Starlight,256 GB,Újszerű,2 év,203990,https://www.rejoy.hu/hu/shop/apple/mobiltelefon-apple-iphone-13-mini-256gb-starlight/68953/?shape=%C3%9Ajszer%C5%B1
2025-02-09_12,Apple iPhone 13 mini,Blue,256 GB,Újszerű,2 év,203990,https://www.rejoy.hu/hu/shop/apple/mobiltelefon-apple-iphone-13-mini-256gb-blue/68955/?shape=%C3%9Ajszer%C5%B1
2025-02-09_12,Apple iPhone 13,Blue,256 GB,Újszerű,2 év,199990,https://www.rejoy.hu/hu/shop/apple/mobiltelefon-apple-iphone-13-256gb-blue/68970/?shape=%C3%9Ajszer%C5%B1
2025-02-09_12,Apple iPhone 13 mini,Midnight,256 GB,Kiváló,2 év,195990,https://www.rejoy.hu/hu/shop/apple/mobiltelefon-apple-iphone-13-mini-256gb-midnight/68954/?shape=Kiv%C3%A1l%C3%B3
2025-02-09_12,Xiaomi 13T Pro Dual Sim,Black,1 TB,Újszerű,2 év,195990,https://www.rejoy.hu/hu/shop/xiaomi/mobiltelefon-xiaomi-13t-pro-dual-sim-1tb-black/75268016/?shape=%C3%9Ajszer%C5%B1
2025-02-09_12,Apple iPhone 13,Midnight,256 GB,Kiváló,2 év,193990,https://www.rejoy.hu/hu/shop/apple/mobiltelefon-apple-iphone-13-256gb-midnight/68969/?shape=Kiv%C3%A1l%C3%B3
2025-02-09_12,Apple iPhone 13,Red,256 GB,Kiváló,2 év,193990,https://www.rejoy.hu/hu/shop/apple/mobiltelefon-apple-iphone-13-256gb-red/68972/?shape=Kiv%C3%A1l%C3%B3
2025-02-09_12,Apple iPhone 13,Green,256 GB,Kiváló,2 év,193990,https://www.rejoy.hu/hu/shop/apple/mobiltelefon-apple-iphone-13-256gb-green/111494/?shape=Kiv%C3%A1l%C3%B3
2025-02-09_12,Apple iPhone 12 Pro Max,Silver,128 GB,Kiváló,2 év,192990,https://www.rejoy.hu/hu/shop/apple/mobiltelefon-apple-iphone-12-pro-max-128gb-silver/1126/?shape=Kiv%C3%A1l%C3%B3
2025-02-09_12,Apple iPhone 12 Pro Max,Gold,128 GB,Kiváló,2 év,192990,https://www.rejoy.hu/hu/shop/apple/mobiltelefon-apple-iphone-12-pro-max-128gb-gold/1128/?shape=Kiv%C3%A1l%C3%B3
2025-02-09_12,Apple iPhone 12 Pro,Gold,256 GB,Újszerű,2 év,190990,https://www.rejoy.hu/hu/shop/apple/mobiltelefon-apple-iphone-12-pro-256gb-gold/1120/?shape=%C3%9Ajszer%C5%B1
2025-02-09_12,Apple iPhone 12 Pro,Pacific Blue,256 GB,Újszerű,2 év,190990,https://www.rejoy.hu/hu/shop/apple/mobiltelefon-apple-iphone-12-pro-256gb-pacific-blue/1121/?shape=%C3%9Ajszer%C5%B1
2025-02-09_12,Samsung Galaxy Z Flip4 5G,Graphite,256 GB,Nagyon jó,2 év,189990,https://www.rejoy.hu/hu/shop/samsung/mobiltelefon-samsung-galaxy-z-flip4-5g-256gb-graphite/74239348/?shape=Nagyon%20j%C3%B3
2025-02-09_12,Samsung Galaxy Z Flip4 5G,Blue,256 GB,Nagyon jó,2 év,189990,https://www.rejoy.hu/hu/shop/samsung/mobiltelefon-samsung-galaxy-z-flip4-5g-256gb-blue/74239351/?shape=Nagyon%20j%C3%B3
2025-02-09_12,Apple iPhone 12 Pro,Silver,256 GB,Kiváló,2 év,177990,https://www.rejoy.hu/hu/shop/apple/mobiltelefon-apple-iphone-12-pro-256gb-silver/1118/?shape=Kiv%C3%A1l%C3%B3
2025-02-09_12,Apple iPhone 12 Pro,Graphite,256 GB,Kiváló,2 év,177990,https://www.rejoy.hu/hu/shop/apple/mobiltelefon-apple-iphone-12-pro-256gb-graphite/1119/?shape=Kiv%C3%A1l%C3%B3
2025-02-09_12,Samsung Galaxy S23 5G Dual Sim,Phantom Black,256 GB,Újszerű,2 év,175990,https://www.rejoy.hu/hu/shop/samsung/mobiltelefon-samsung-galaxy-s23-5g-dual-sim-256gb-phantom-black/75237219/?shape=%C3%9Ajszer%C5%B1
2025-02-09_12,Apple iPhone 13 mini,Pink,128 GB,Újszerű,2 év,175990,https://www.rejoy.hu/hu/shop/apple/mobiltelefon-apple-iphone-13-mini-128gb-pink/68951/?shape=%C3%9Ajszer%C5%B1
2025-02-09_12,Xiaomi Xiaomi 13 5G,Flora Green,256 GB,Kiváló,2 év,173990,https://www.rejoy.hu/hu/shop/xiaomi/mobiltelefon-xiaomi-xiaomi-13-5g-256gb-flora-green/75268158/?shape=Kiv%C3%A1l%C3%B3
2025-02-09_12,Xiaomi Xiaomi 13 5G,Black,256 GB,Kiváló,2 év,173990,https://www.rejoy.hu/hu/shop/xiaomi/mobiltelefon-xiaomi-xiaomi-13-5g-256gb-black/75268164/?shape=Kiv%C3%A1l%C3%B3
2025-02-09_12,Apple iPhone 11 Pro Max,Silver,512 GB,Újszerű,2 év,171990,https://www.rejoy.hu/hu/shop/apple/mobiltelefon-apple-iphone-11-pro-max-512gb-silver/975/?shape=%C3%9Ajszer%C5%B1
2025-02-09_12,Apple iPhone 11 Pro Max,Space Gray,512 GB,Újszerű,2 év,171990,https://www.rejoy.hu/hu/shop/apple/mobiltelefon-apple-iphone-11-pro-max-512gb-space-gray/976/?shape=%C3%9Ajszer%C5%B1
2025-02-09_12,Huawei Mate 50 Pro Dual Sim,Black,256 GB,Nagyon jó,2 év,171990,https://www.rejoy.hu/hu/shop/huawei/mobiltelefon-huawei-mate-50-pro-dual-sim-256gb-black/75268450/?shape=Nagyon%20j%C3%B3
2025-02-09_12,Apple iPhone 12 Pro,Gold,128 GB,Újszerű,2 év,170990,https://www.rejoy.hu/hu/shop/apple/mobiltelefon-apple-iphone-12-pro-128gb-gold/1116/?shape=%C3%9Ajszer%C5%B1
2025-02-09_12,Apple iPhone 12 Pro,Graphite,128 GB,Újszerű,2 év,170990,https://www.rejoy.hu/hu/shop/apple/mobiltelefon-apple-iphone-12-pro-128gb-graphite/1115/?shape=%C3%9Ajszer%C5%B1
2025-02-09_12,Apple iPhone 12 Pro,Pacific Blue,128 GB,Újszerű,2 év,170990,https://www.rejoy.hu/hu/shop/apple/mobiltelefon-apple-iphone-12-pro-128gb-pacific-blue/1117/?shape=%C3%9Ajszer%C5%B1
2025-02-09_12,Xiaomi 13T Pro Dual Sim,Alpine Blue,512 GB,Újszerű,2 év,169990,https://www.rejoy.hu/hu/shop/xiaomi/mobiltelefon-xiaomi-13t-pro-dual-sim-512gb-alpine-blue/75268009/?shape=%C3%9Ajszer%C5%B1
2025-02-09_12,Xiaomi 13T Pro Dual Sim,Black,512 GB,Újszerű,2 év,169990,https://www.rejoy.hu/hu/shop/xiaomi/mobiltelefon-xiaomi-13t-pro-dual-sim-512gb-black/75268015/?shape=%C3%9Ajszer%C5%B1
2025-02-09_12,Apple iPhone 11 Pro,Space Gray,512 GB,Újszerű,2 év,167990,https://www.rejoy.hu/hu/shop/apple/mobiltelefon-apple-iphone-11-pro-512gb-space-gray/964/?shape=%C3%9Ajszer%C5%B1
2025-02-09_12,Apple iPhone 11 Pro Max,Gold,512 GB,Kiváló,2 év,167990,https://www.rejoy.hu/hu/shop/apple/mobiltelefon-apple-iphone-11-pro-max-512gb-gold/974/?shape=Kiv%C3%A1l%C3%B3
2025-02-09_12,Apple iPhone 13 mini,Midnight,128 GB,Nagyon jó,2 év,167990,https://www.rejoy.hu/hu/shop/apple/mobiltelefon-apple-iphone-13-mini-128gb-midnight/68949/?shape=Nagyon%20j%C3%B3
2025-02-09_12,Apple iPhone 13 mini,Blue,128 GB,Nagyon jó,2 év,167990,https://www.rejoy.hu/hu/shop/apple/mobiltelefon-apple-iphone-13-mini-128gb-blue/68950/?shape=Nagyon%20j%C3%B3
2025-02-09_12,Apple iPhone 12 Pro Max,Graphite,128 GB,Újszerű,2 év,203990,https://www.rejoy.hu/hu/shop/apple/mobiltelefon-apple-iphone-12-pro-max-128gb-graphite/1127/?shape=%C3%9Ajszer%C5%B1
2025-02-09_12,Apple iPhone 12 Pro Max,Pacific Blue,128 GB,Újszerű,2 év,203990,https://www.rejoy.hu/hu/shop/apple/mobiltelefon-apple-iphone-12-pro-max-128gb-pacific-blue/1129/?shape=%C3%9Ajszer%C5%B1
2025-02-09_12,Apple iPhone 13 mini,Starlight,256 GB,Újszerű,2 év,203990,https://www.rejoy.hu/hu/shop/apple/mobiltelefon-apple-iphone-13-mini-256gb-starlight/68953/?shape=%C3%9Ajszer%C5%B1
2025-02-09_12,Apple iPhone 13 mini,Blue,256 GB,Újszerű,2 év,203990,https://www.rejoy.hu/hu/shop/apple/mobiltelefon-apple-iphone-13-mini-256gb-blue/68955/?shape=%C3%9Ajszer%C5%B1
2025-02-09_12,Apple iPhone 13 mini,Red,128 GB,Nagyon jó,2 év,167990,https://www.rejoy.hu/hu/shop/apple/mobiltelefon-apple-iphone-13-mini-128gb-red/68952/?shape=Nagyon%20j%C3%B3
2025-02-09_12,Samsung Galaxy Z Flip4 5G,Bora Purple,128 GB,Újszerű,2 év,165990,https://www.rejoy.hu/hu/shop/samsung/mobiltelefon-samsung-galaxy-z-flip4-5g-128gb-bora-purple/74239341/?shape=%C3%9Ajszer%C5%B1
2025-02-09_12,Samsung Galaxy Z Flip4 5G,Pink Gold,128 GB,Újszerű,2 év,165990,https://www.rejoy.hu/hu/shop/samsung/mobiltelefon-samsung-galaxy-z-flip4-5g-128gb-pink-gold/74239344/?shape=%C3%9Ajszer%C5%B1
2025-02-09_12,Samsung Galaxy Z Flip4 5G,Graphite,128 GB,Újszerű,2 év,165990,https://www.rejoy.hu/hu/shop/samsung/mobiltelefon-samsung-galaxy-z-flip4-5g-128gb-graphite/74239347/?shape=%C3%9Ajszer%C5%B1
2025-02-09_12,Apple iPhone 13,Midnight,128 GB,Újszerű,2 év,165990,https://www.rejoy.hu/hu/shop/apple/mobiltelefon-apple-iphone-13-128gb-midnight/68964/?shape=%C3%9Ajszer%C5%B1
2025-02-09_12,Apple iPhone 13,Blue,128 GB,Újszerű,2 év,165990,https://www.rejoy.hu/hu/shop/apple/mobiltelefon-apple-iphone-13-128gb-blue/68965/?shape=%C3%9Ajszer%C5%B1
2025-02-09_12,Apple iPhone 13,Red,128 GB,Újszerű,2 év,165990,https://www.rejoy.hu/hu/shop/apple/mobiltelefon-apple-iphone-13-128gb-red/68967/?shape=%C3%9Ajszer%C5%B1
2025-02-09_12,Apple iPhone 12,Red,256 GB,Újszerű,2 év,163990,https://www.rejoy.hu/hu/shop/apple/mobiltelefon-apple-iphone-12-256gb-red/1113/?shape=%C3%9Ajszer%C5%B1
2025-02-09_12,Apple iPhone 12 Pro,Silver,128 GB,Kiváló,2 év,163990,https://www.rejoy.hu/hu/shop/apple/mobiltelefon-apple-iphone-12-pro-128gb-silver/1114/?shape=Kiv%C3%A1l%C3%B3
2025-02-09_12,Apple iPhone 11 Pro Max,Midnight Green,512 GB,Nagyon jó,2 év,163990,https://www.rejoy.hu/hu/shop/apple/mobiltelefon-apple-iphone-11-pro-max-512gb-midnight-green/973/?shape=Nagyon%20j%C3%B3
2025-02-09_12,Samsung Galaxy Z Flip4 5G,Blue,128 GB,Kiváló,2 év,163990,https://www.rejoy.hu/hu/shop/samsung/mobiltelefon-samsung-galaxy-z-flip4-5g-128gb-blue/74239350/?shape=Kiv%C3%A1l%C3%B3
2025-02-09_12,Apple iPhone 11 Pro,Gold,512 GB,Kiváló,2 év,161990,https://www.rejoy.hu/hu/shop/apple/mobiltelefon-apple-iphone-11-pro-512gb-gold/962/?shape=Kiv%C3%A1l%C3%B3
2025-02-09_12,Apple iPhone 11 Pro,Silver,512 GB,Kiváló,2 év,161990,https://www.rejoy.hu/hu/shop/apple/mobiltelefon-apple-iphone-11-pro-512gb-silver/963/?shape=Kiv%C3%A1l%C3%B3
2025-02-09_12,Apple iPhone 12,White,256 GB,Kiváló,2 év,160990,https://www.rejoy.hu/hu/shop/apple/mobiltelefon-apple-iphone-12-256gb-white/1109/?shape=Kiv%C3%A1l%C3%B3
2025-02-09_12,Apple iPhone 12,Blue,256 GB,Kiváló,2 év,160990,https://www.rejoy.hu/hu/shop/apple/mobiltelefon-apple-iphone-12-256gb-blue/1111/?shape=Kiv%C3%A1l%C3%B3
2025-02-09_12,Apple iPhone 12,Green,256 GB,Kiváló,2 év,160990,https://www.rejoy.hu/hu/shop/apple/mobiltelefon-apple-iphone-12-256gb-green/1112/?shape=Kiv%C3%A1l%C3%B3
2025-02-09_12,Apple iPhone 12 mini,Black,256 GB,Újszerű,2 év,160990,https://www.rejoy.hu/hu/shop/apple/mobiltelefon-apple-iphone-12-mini-256gb-black/1095/?shape=%C3%9Ajszer%C5%B1
2025-02-09_12,Apple iPhone 11 Pro Max,Midnight Green,256 GB,Újszerű,2 év,159990,https://www.rejoy.hu/hu/shop/apple/mobiltelefon-apple-iphone-11-pro-max-256gb-midnight-green/969/?shape=%C3%9Ajszer%C5%B1
2025-02-09_12,Apple iPhone 13,Green,128 GB,Kiváló,2 év,159990,https://www.rejoy.hu/hu/shop/apple/mobiltelefon-apple-iphone-13-128gb-green/111488/?shape=Kiv%C3%A1l%C3%B3
2025-02-09_12,Apple iPhone 12 mini,White,256 GB,Kiváló,2 év,157990,https://www.rejoy.hu/hu/shop/apple/mobiltelefon-apple-iphone-12-mini-256gb-white/1094/?shape=Kiv%C3%A1l%C3%B3
2025-02-09_12,Apple iPhone 12 mini,Blue,256 GB,Kiváló,2 év,157990,https://www.rejoy.hu/hu/shop/apple/mobiltelefon-apple-iphone-12-mini-256gb-blue/1096/?shape=Kiv%C3%A1l%C3%B3
2025-02-09_12,Xiaomi 12 Pro Dual Sim,Gray,256 GB,Kiváló,2 év,156990,https://www.rejoy.hu/hu/shop/xiaomi/mobiltelefon-xiaomi-12-pro-dual-sim-256gb-gray/73318216/?shape=Kiv%C3%A1l%C3%B3
2025-02-09_12,Apple iPhone 11 Pro Max,Gold,256 GB,Kiváló,2 év,155990,https://www.rejoy.hu/hu/shop/apple/mobiltelefon-apple-iphone-11-pro-max-256gb-gold/970/?shape=Kiv%C3%A1l%C3%B3
2025-02-09_12,Apple iPhone 11 Pro Max,Space Gray,256 GB,Kiváló,2 év,155990,https://www.rejoy.hu/hu/shop/apple/mobiltelefon-apple-iphone-11-pro-max-256gb-space-gray/972/?shape=Kiv%C3%A1l%C3%B3
2025-02-09_12,Apple iPhone 11 Pro,Midnight Green,256 GB,Újszerű,2 év,153990,https://www.rejoy.hu/hu/shop/apple/mobiltelefon-apple-iphone-11-pro-256gb-midnight-green/957/?shape=%C3%9Ajszer%C5%B1
2025-02-09_12,Apple iPhone 11 Pro,Gold,256 GB,Újszerű,2 év,153990,https://www.rejoy.hu/hu/shop/apple/mobiltelefon-apple-iphone-11-pro-256gb-gold/958/?shape=%C3%9Ajszer%C5%B1
2025-02-09_12,Apple iPhone 11 Pro,Space Gray,256 GB,Újszerű,2 év,153990,https://www.rejoy.hu/hu/shop/apple/mobiltelefon-apple-iphone-11-pro-256gb-space-gray/960/?shape=%C3%9Ajszer%C5%B1
2025-02-09_12,Apple iPhone 12 mini,Red,256 GB,Nagyon jó,2 év,153990,https://www.rejoy.hu/hu/shop/apple/mobiltelefon-apple-iphone-12-mini-256gb-red/1098/?shape=Nagyon%20j%C3%B3
2025-02-09_12,Apple iPhone 12 mini,Green,256 GB,Nagyon jó,2 év,153990,https://www.rejoy.hu/hu/shop/apple/mobiltelefon-apple-iphone-12-mini-256gb-green/1097/?shape=Nagyon%20j%C3%B3
2025-02-09_12,Samsung Galaxy Z Flip3 5G,Phantom Black,256 GB,Újszerű,2 év,153990,https://www.rejoy.hu/hu/shop/samsung/mobiltelefon-samsung-galaxy-z-flip3-5g-256gb-phantom-black/73341498/?shape=%C3%9Ajszer%C5%B1
2025-02-09_12,Samsung Galaxy Z Flip3 5G,Cream,256 GB,Újszerű,2 év,153990,https://www.rejoy.hu/hu/shop/samsung/mobiltelefon-samsung-galaxy-z-flip3-5g-256gb-cream/73341504/?shape=%C3%9Ajszer%C5%B1
2025-02-09_12,Huawei Mate 40 Pro Dual Sim,Silver,256 GB,Újszerű,2 év,153990,https://www.rejoy.hu/hu/shop/huawei/mobiltelefon-huawei-mate-40-pro-dual-sim-256gb-silver/1656/?shape=%C3%9Ajszer%C5%B1
2025-02-09_12,Apple iPhone 11 Pro Max,Silver,256 GB,Nagyon jó,2 év,151990,https://www.rejoy.hu/hu/shop/apple/mobiltelefon-apple-iphone-11-pro-max-256gb-silver/971/?shape=Nagyon%20j%C3%B3
2025-02-09_12,Apple iPhone 12,Green,128 GB,Újszerű,2 év,149990,https://www.rejoy.hu/hu/shop/apple/mobiltelefon-apple-iphone-12-128gb-green/1107/?shape=%C3%9Ajszer%C5%B1
2025-02-09_12,Apple iPhone 13 mini,Red,128 GB,Nagyon jó,2 év,167990,https://www.rejoy.hu/hu/shop/apple/mobiltelefon-apple-iphone-13-mini-128gb-red/68952/?shape=Nagyon%20j%C3%B3
2025-02-09_12,Samsung Galaxy Z Flip4 5G,Bora Purple,128 GB,Újszerű,2 év,165990,https://www.rejoy.hu/hu/shop/samsung/mobiltelefon-samsung-galaxy-z-flip4-5g-128gb-bora-purple/74239341/?shape=%C3%9Ajszer%C5%B1
2025-02-09_12,Samsung Galaxy Z Flip4 5G,Pink Gold,128 GB,Újszerű,2 év,165990,https://www.rejoy.hu/hu/shop/samsung/mobiltelefon-samsung-galaxy-z-flip4-5g-128gb-pink-gold/74239344/?shape=%C3%9Ajszer%C5%B1
2025-02-09_12,Samsung Galaxy Z Flip4 5G,Graphite,128 GB,Újszerű,2 év,165990,https://www.rejoy.hu/hu/shop/samsung/mobiltelefon-samsung-galaxy-z-flip4-5g-128gb-graphite/74239347/?shape=%C3%9Ajszer%C5%B1
2025-02-09_12,Apple iPhone 12,Red,128 GB,Újszerű,2 év,149990,https://www.rejoy.hu/hu/shop/apple/mobiltelefon-apple-iphone-12-128gb-red/1108/?shape=%C3%9Ajszer%C5%B1
2025-02-09_12,Apple iPhone 12,Blue,128 GB,Újszerű,2 év,149990,https://www.rejoy.hu/hu/shop/apple/mobiltelefon-apple-iphone-12-128gb-blue/1106/?shape=%C3%9Ajszer%C5%B1
2025-02-09_12,Apple iPhone 12,White,128 GB,Újszerű,2 év,149990,https://www.rejoy.hu/hu/shop/apple/mobiltelefon-apple-iphone-12-128gb-white/1104/?shape=%C3%9Ajszer%C5%B1
2025-02-09_12,Apple iPhone 12,Black,128 GB,Újszerű,2 év,149990,https://www.rejoy.hu/hu/shop/apple/mobiltelefon-apple-iphone-12-128gb-black/1105/?shape=%C3%9Ajszer%C5%B1
2025-02-09_12,Apple iPhone 12,Purple,128 GB,Kiváló,2 év,146990,https://www.rejoy.hu/hu/shop/apple/mobiltelefon-apple-iphone-12-128gb-purple/49191/?shape=Kiv%C3%A1l%C3%B3
2025-02-09_12,Huawei Nova 11 Pro Dual Sim,Black,256 GB,Újszerű,2 év,143990,https://www.rejoy.hu/hu/shop/huawei/mobiltelefon-huawei-nova-11-pro-dual-sim-256gb-black/75268531/?shape=%C3%9Ajszer%C5%B1
2025-02-09_12,Apple iPhone 11 Pro,Silver,256 GB,Nagyon jó,2 év,140990,https://www.rejoy.hu/hu/shop/apple/mobiltelefon-apple-iphone-11-pro-256gb-silver/959/?shape=Nagyon%20j%C3%B3
2025-02-09_12,Samsung Galaxy Z Flip3 5G,Phantom Black,128 GB,Nagyon jó,2 év,140990,https://www.rejoy.hu/hu/shop/samsung/mobiltelefon-samsung-galaxy-z-flip3-5g-128gb-phantom-black/73341497/?shape=Nagyon%20j%C3%B3
2025-02-09_12,Samsung Galaxy Z Flip3 5G,Cream,128 GB,Nagyon jó,2 év,140990,https://www.rejoy.hu/hu/shop/samsung/mobiltelefon-samsung-galaxy-z-flip3-5g-128gb-cream/73341503/?shape=Nagyon%20j%C3%B3
2025-02-09_12,Huawei Mate 40 Pro Dual Sim,Black,256 GB,Nagyon jó,2 év,140990,https://www.rejoy.hu/hu/shop/huawei/mobiltelefon-huawei-mate-40-pro-dual-sim-256gb-black/1657/?shape=Nagyon%20j%C3%B3
2025-02-09_12,Xiaomi 12T Pro 5G Dual Sim,Black,256 GB,Újszerű,2 év,140990,https://www.rejoy.hu/hu/shop/xiaomi/mobiltelefon-xiaomi-12t-pro-5g-dual-sim-256gb-black/75268347/?shape=%C3%9Ajszer%C5%B1
2025-02-09_12,Xiaomi 12T Pro 5G Dual Sim,Blue,256 GB,Kiváló,2 év,136990,https://www.rejoy.hu/hu/shop/xiaomi/mobiltelefon-xiaomi-12t-pro-5g-dual-sim-256gb-blue/75268351/?shape=Kiv%C3%A1l%C3%B3
2025-02-09_12,Apple iPhone 12 mini,Black,128 GB,Újszerű,2 év,135990,https://www.rejoy.hu/hu/shop/apple/mobiltelefon-apple-iphone-12-mini-128gb-black/1090/?shape=%C3%9Ajszer%C5%B1
2025-02-09_12,Apple iPhone 12 mini,Blue,128 GB,Újszerű,2 év,135990,https://www.rejoy.hu/hu/shop/apple/mobiltelefon-apple-iphone-12-mini-128gb-blue/1091/?shape=%C3%9Ajszer%C5%B1
2025-02-09_12,Apple iPhone 12 mini,Red,128 GB,Újszerű,2 év,135990,https://www.rejoy.hu/hu/shop/apple/mobiltelefon-apple-iphone-12-mini-128gb-red/1093/?shape=%C3%9Ajszer%C5%B1
2025-02-09_12,Apple iPhone 11 Pro Max,Midnight Green,64 GB,Újszerű,2 év,134990,https://www.rejoy.hu/hu/shop/apple/mobiltelefon-apple-iphone-11-pro-max-64gb-midnight-green/965/?shape=%C3%9Ajszer%C5%B1
2025-02-09_12,Apple iPhone 11 Pro Max,Gold,64 GB,Újszerű,2 év,134990,https://www.rejoy.hu/hu/shop/apple/mobiltelefon-apple-iphone-11-pro-max-64gb-gold/966/?shape=%C3%9Ajszer%C5%B1
2025-02-09_12,Apple iPhone 11 Pro Max,Space Gray,64 GB,Újszerű,2 év,134990,https://www.rejoy.hu/hu/shop/apple/mobiltelefon-apple-iphone-11-pro-max-64gb-space-gray/968/?shape=%C3%9Ajszer%C5%B1
2025-02-09_12,Apple iPhone 12 mini,Green,128 GB,Kiváló,2 év,132990,https://www.rejoy.hu/hu/shop/apple/mobiltelefon-apple-iphone-12-mini-128gb-green/1092/?shape=Kiv%C3%A1l%C3%B3
2025-02-09_12,Apple iPhone 12 mini,Purple,128 GB,Kiváló,2 év,132990,https://www.rejoy.hu/hu/shop/apple/mobiltelefon-apple-iphone-12-mini-128gb-purple/49194/?shape=Kiv%C3%A1l%C3%B3
2025-02-09_12,Apple iPhone 11,White,256 GB,Újszerű,2 év,131990,https://www.rejoy.hu/hu/shop/apple/mobiltelefon-apple-iphone-11-256gb-white/948/?shape=%C3%9Ajszer%C5%B1
2025-02-09_12,Apple iPhone 11 Pro Max,Silver,64 GB,Kiváló,2 év,131990,https://www.rejoy.hu/hu/shop/apple/mobiltelefon-apple-iphone-11-pro-max-64gb-silver/967/?shape=Kiv%C3%A1l%C3%B3
2025-02-09_12,Samsung Galaxy S22 Plus 5G Dual Sim,Phantom Black,256 GB,Jó,2 év,129990,https://www.rejoy.hu/hu/shop/samsung/mobiltelefon-samsung-galaxy-s22-plus-5g-dual-sim-256gb-phantom-black/161083/?shape=J%C3%B3
2025-02-09_12,Apple iPhone 11,Black,256 GB,Kiváló,2 év,127990,https://www.rejoy.hu/hu/shop/apple/mobiltelefon-apple-iphone-11-256gb-black/947/?shape=Kiv%C3%A1l%C3%B3
2025-02-09_12,Apple iPhone 11,Yellow,256 GB,Kiváló,2 év,127990,https://www.rejoy.hu/hu/shop/apple/mobiltelefon-apple-iphone-11-256gb-yellow/952/?shape=Kiv%C3%A1l%C3%B3
2025-02-09_12,Apple iPhone 11 Pro,Gold,64 GB,Újszerű,2 év,125990,https://www.rejoy.hu/hu/shop/apple/mobiltelefon-apple-iphone-11-pro-64gb-gold/954/?shape=%C3%9Ajszer%C5%B1
2025-02-09_12,Apple iPhone 11 Pro,Space Gray,64 GB,Újszerű,2 év,125990,https://www.rejoy.hu/hu/shop/apple/mobiltelefon-apple-iphone-11-pro-64gb-space-gray/956/?shape=%C3%9Ajszer%C5%B1
2025-02-09_12,Apple iPhone 11 Pro,Midnight Green,64 GB,Újszerű,2 év,125990,https://www.rejoy.hu/hu/shop/apple/mobiltelefon-apple-iphone-11-pro-64gb-midnight-green/953/?shape=%C3%9Ajszer%C5%B1
2025-02-09_12,Apple iPhone 12,Green,64 GB,Újszerű,2 év,122990,https://www.rejoy.hu/hu/shop/apple/mobiltelefon-apple-iphone-12-64gb-green/1102/?shape=%C3%9Ajszer%C5%B1
2025-02-09_12,Apple iPhone 12,Red,64 GB,Újszerű,2 év,122990,https://www.rejoy.hu/hu/shop/apple/mobiltelefon-apple-iphone-12-64gb-red/1103/?shape=%C3%9Ajszer%C5%B1
2025-02-09_12,Apple iPhone 12,Blue,64 GB,Újszerű,2 év,122990,https://www.rejoy.hu/hu/shop/apple/mobiltelefon-apple-iphone-12-64gb-blue/1101/?shape=%C3%9Ajszer%C5%B1
2025-02-09_12,Apple iPhone 11,Purple,256 GB,Nagyon jó,2 év,122990,https://www.rejoy.hu/hu/shop/apple/mobiltelefon-apple-iphone-11-256gb-purple/950/?shape=Nagyon%20j%C3%B3
2025-02-09_12,Apple iPhone 12,White,64 GB,Újszerű,2 év,122990,https://www.rejoy.hu/hu/shop/apple/mobiltelefon-apple-iphone-12-64gb-white/1099/?shape=%C3%9Ajszer%C5%B1
2025-02-09_12,Samsung Galaxy S22 5G Dual Sim,Bora Purple,128 GB,Újszerű,2 év,119990,https://www.rejoy.hu/hu/shop/samsung/mobiltelefon-samsung-galaxy-s22-5g-dual-sim-128gb-bora-purple/75262886/?shape=%C3%9Ajszer%C5%B1
2025-02-09_12,Apple iPhone 12,Red,128 GB,Újszerű,2 év,149990,https://www.rejoy.hu/hu/shop/apple/mobiltelefon-apple-iphone-12-128gb-red/1108/?shape=%C3%9Ajszer%C5%B1
2025-02-09_12,Apple iPhone 12,Blue,128 GB,Újszerű,2 év,149990,https://www.rejoy.hu/hu/shop/apple/mobiltelefon-apple-iphone-12-128gb-blue/1106/?shape=%C3%9Ajszer%C5%B1
2025-02-09_12,Apple iPhone 12,White,128 GB,Újszerű,2 év,149990,https://www.rejoy.hu/hu/shop/apple/mobiltelefon-apple-iphone-12-128gb-white/1104/?shape=%C3%9Ajszer%C5%B1
2025-02-09_12,Apple iPhone 12,Black,128 GB,Újszerű,2 év,149990,https://www.rejoy.hu/hu/shop/apple/mobiltelefon-apple-iphone-12-128gb-black/1105/?shape=%C3%9Ajszer%C5%B1
2025-02-09_12,Apple iPhone 11 Pro,Silver,64 GB,Kiváló,2 év,119990,https://www.rejoy.hu/hu/shop/apple/mobiltelefon-apple-iphone-11-pro-64gb-silver/955/?shape=Kiv%C3%A1l%C3%B3
2025-02-09_12,Apple iPhone 12,Black,64 GB,Kiváló,2 év,118990,https://www.rejoy.hu/hu/shop/apple/mobiltelefon-apple-iphone-12-64gb-black/1100/?shape=Kiv%C3%A1l%C3%B3
2025-02-09_12,Apple iPhone 12,Purple,64 GB,Kiváló,2 év,118990,https://www.rejoy.hu/hu/shop/apple/mobiltelefon-apple-iphone-12-64gb-purple/49190/?shape=Kiv%C3%A1l%C3%B3
2025-02-09_12,Apple iPhone 12 mini,White,64 GB,Újszerű,2 év,116990,https://www.rejoy.hu/hu/shop/apple/mobiltelefon-apple-iphone-12-mini-64gb-white/1084/?shape=%C3%9Ajszer%C5%B1
2025-02-09_12,Apple iPhone 12 mini,Black,64 GB,Újszerű,2 év,116990,https://www.rejoy.hu/hu/shop/apple/mobiltelefon-apple-iphone-12-mini-64gb-black/1085/?shape=%C3%9Ajszer%C5%B1
2025-02-09_12,Apple iPhone 12 mini,Blue,64 GB,Újszerű,2 év,116990,https://www.rejoy.hu/hu/shop/apple/mobiltelefon-apple-iphone-12-mini-64gb-blue/1086/?shape=%C3%9Ajszer%C5%B1
2025-02-09_12,Apple iPhone 12 mini,Red,64 GB,Újszerű,2 év,116990,https://www.rejoy.hu/hu/shop/apple/mobiltelefon-apple-iphone-12-mini-64gb-red/1088/?shape=%C3%9Ajszer%C5%B1
2025-02-09_12,Apple iPhone 12 mini,Purple,64 GB,Kiváló,2 év,113990,https://www.rejoy.hu/hu/shop/apple/mobiltelefon-apple-iphone-12-mini-64gb-purple/49193/?shape=Kiv%C3%A1l%C3%B3
2025-02-09_12,Huawei P40 Pro Dual Sim,Ice White,256 GB,Nagyon jó,2 év,112990,https://www.rejoy.hu/hu/shop/huawei/mobiltelefon-huawei-p40-pro-dual-sim-256gb-ice-white/1617/?shape=Nagyon%20j%C3%B3
2025-02-09_12,Huawei P40 Pro Dual Sim,Silver Frost,256 GB,Nagyon jó,2 év,112990,https://www.rejoy.hu/hu/shop/huawei/mobiltelefon-huawei-p40-pro-dual-sim-256gb-silver-frost/1614/?shape=Nagyon%20j%C3%B3
2025-02-09_12,Samsung Galaxy S21 5G Dual Sim,Pink,256 GB,Nagyon jó,2 év,110990,https://www.rejoy.hu/hu/shop/samsung/mobiltelefon-samsung-galaxy-s21-5g-dual-sim-256gb-pink/1153/?shape=Nagyon%20j%C3%B3
2025-02-09_12,Apple iPhone 12 mini,Green,64 GB,Nagyon jó,2 év,110990,https://www.rejoy.hu/hu/shop/apple/mobiltelefon-apple-iphone-12-mini-64gb-green/1087/?shape=Nagyon%20j%C3%B3
2025-02-09_12,Apple iPhone 11,White,128 GB,Újszerű,2 év,109990,https://www.rejoy.hu/hu/shop/apple/mobiltelefon-apple-iphone-11-128gb-white/942/?shape=%C3%9Ajszer%C5%B1
2025-02-09_12,Apple iPhone SE 2022,Midnight,64 GB,Újszerű,2 év,109990,https://www.rejoy.hu/hu/shop/apple/mobiltelefon-apple-iphone-se-2022-64gb-midnight/181748/?shape=%C3%9Ajszer%C5%B1
2025-02-09_12,Apple iPhone XS Max,Silver,256 GB,Nagyon jó,2 év,109990,https://www.rejoy.hu/hu/shop/apple/mobiltelefon-apple-iphone-xs-max-256gb-silver/168/?shape=Nagyon%20j%C3%B3
2025-02-09_12,Apple iPhone 11,Black,128 GB,Kiváló,2 év,106990,https://www.rejoy.hu/hu/shop/apple/mobiltelefon-apple-iphone-11-128gb-black/941/?shape=Kiv%C3%A1l%C3%B3
2025-02-09_12,Apple iPhone 11,Red,128 GB,Kiváló,2 év,106990,https://www.rejoy.hu/hu/shop/apple/mobiltelefon-apple-iphone-11-128gb-red/943/?shape=Kiv%C3%A1l%C3%B3
2025-02-09_12,Apple iPhone 11,Purple,128 GB,Kiváló,2 év,106990,https://www.rejoy.hu/hu/shop/apple/mobiltelefon-apple-iphone-11-128gb-purple/944/?shape=Kiv%C3%A1l%C3%B3
2025-02-09_12,Apple iPhone 11,Green,128 GB,Kiváló,2 év,106990,https://www.rejoy.hu/hu/shop/apple/mobiltelefon-apple-iphone-11-128gb-green/945/?shape=Kiv%C3%A1l%C3%B3
2025-02-09_12,Apple iPhone 11,Yellow,128 GB,Kiváló,2 év,106990,https://www.rejoy.hu/hu/shop/apple/mobiltelefon-apple-iphone-11-128gb-yellow/946/?shape=Kiv%C3%A1l%C3%B3
2025-02-09_12,Samsung Galaxy S21 Plus 5G Dual Sim,Black,128 GB,Nagyon jó,2 év,106990,https://www.rejoy.hu/hu/shop/samsung/mobiltelefon-samsung-galaxy-s21-plus-5g-dual-sim-128gb-black/1166/?shape=Nagyon%20j%C3%B3
2025-02-09_12,Samsung Galaxy S20 Ultra,Cosmic Gray,128 GB,Nagyon jó,2 év,106990,https://www.rejoy.hu/hu/shop/samsung/mobiltelefon-samsung-galaxy-s20-ultra-128gb-cosmic-gray/985/?shape=Nagyon%20j%C3%B3
2025-02-09_12,Samsung Galaxy S21 5G Dual Sim,Gray,256 GB,Jó,2 év,105990,https://www.rejoy.hu/hu/shop/samsung/mobiltelefon-samsung-galaxy-s21-5g-dual-sim-256gb-gray/1150/?shape=J%C3%B3
2025-02-09_12,Apple iPhone X,Space Grey,256 GB,Újszerű,2 év,104990,https://www.rejoy.hu/hu/shop/apple/mobiltelefon-apple-iphone-x-256gb-space-grey/135/?shape=%C3%9Ajszer%C5%B1
2025-02-09_12,Samsung Galaxy S22 5G Dual Sim,Phantom Black,128 GB,Jó,2 év,102990,https://www.rejoy.hu/hu/shop/samsung/mobiltelefon-samsung-galaxy-s22-5g-dual-sim-128gb-phantom-black/161063/?shape=J%C3%B3
2025-02-09_12,Xiaomi Mi 11T Pro 5G,Celestial Blue,256 GB,Újszerű,2 év,101990,https://www.rejoy.hu/hu/shop/xiaomi/mobiltelefon-xiaomi-mi-11t-pro-5g-256gb-celestial-blue/72534/?shape=%C3%9Ajszer%C5%B1
2025-02-09_12,Xiaomi Mi 10 5G,Coral Green,256 GB,Nagyon jó,2 év,100990,https://www.rejoy.hu/hu/shop/xiaomi/mobiltelefon-xiaomi-mi-10-5g-256gb-coral-green/72468/?shape=Nagyon%20j%C3%B3
2025-02-09_12,Apple iPhone 11,Yellow,64 GB,Újszerű,2 év,99990,https://www.rejoy.hu/hu/shop/apple/mobiltelefon-apple-iphone-11-64gb-yellow/940/?shape=%C3%9Ajszer%C5%B1
2025-02-09_12,Apple iPhone 11,Red,64 GB,Újszerű,2 év,99990,https://www.rejoy.hu/hu/shop/apple/mobiltelefon-apple-iphone-11-64gb-red/937/?shape=%C3%9Ajszer%C5%B1
2025-02-09_12,Apple iPhone 11,Purple,64 GB,Újszerű,2 év,99990,https://www.rejoy.hu/hu/shop/apple/mobiltelefon-apple-iphone-11-64gb-purple/938/?shape=%C3%9Ajszer%C5%B1
2025-02-09_12,Apple iPhone X,Silver,256 GB,Kiváló,2 év,97990,https://www.rejoy.hu/hu/shop/apple/mobiltelefon-apple-iphone-x-256gb-silver/136/?shape=Kiv%C3%A1l%C3%B3
2025-02-09_12,Apple iPhone XR,Black,256 GB,Nagyon jó,2 év,97990,https://www.rejoy.hu/hu/shop/apple/mobiltelefon-apple-iphone-xr-256gb-black/149/?shape=Nagyon%20j%C3%B3
2025-02-09_12,Apple iPhone 11,Green,64 GB,Kiváló,2 év,96990,https://www.rejoy.hu/hu/shop/apple/mobiltelefon-apple-iphone-11-64gb-green/939/?shape=Kiv%C3%A1l%C3%B3
2025-02-09_12,Apple iPhone 11,Black,64 GB,Kiváló,2 év,96990,https://www.rejoy.hu/hu/shop/apple/mobiltelefon-apple-iphone-11-64gb-black/935/?shape=Kiv%C3%A1l%C3%B3
2025-02-09_12,Apple iPhone 11 Pro,Silver,64 GB,Kiváló,2 év,119990,https://www.rejoy.hu/hu/shop/apple/mobiltelefon-apple-iphone-11-pro-64gb-silver/955/?shape=Kiv%C3%A1l%C3%B3
2025-02-09_12,Apple iPhone 12,Black,64 GB,Kiváló,2 év,118990,https://www.rejoy.hu/hu/shop/apple/mobiltelefon-apple-iphone-12-64gb-black/1100/?shape=Kiv%C3%A1l%C3%B3
2025-02-09_12,Apple iPhone 12,Purple,64 GB,Kiváló,2 év,118990,https://www.rejoy.hu/hu/shop/apple/mobiltelefon-apple-iphone-12-64gb-purple/49190/?shape=Kiv%C3%A1l%C3%B3
2025-02-09_12,Apple iPhone 12 mini,White,64 GB,Újszerű,2 év,116990,https://www.rejoy.hu/hu/shop/apple/mobiltelefon-apple-iphone-12-mini-64gb-white/1084/?shape=%C3%9Ajszer%C5%B1
2025-02-09_12,Apple iPhone 11,White,64 GB,Kiváló,2 év,96990,https://www.rejoy.hu/hu/shop/apple/mobiltelefon-apple-iphone-11-64gb-white/936/?shape=Kiv%C3%A1l%C3%B3
2025-02-09_12,Xiaomi Mi 11T Pro 5G,Meteorite Gray,128 GB,Nagyon jó,2 év,95990,https://www.rejoy.hu/hu/shop/xiaomi/mobiltelefon-xiaomi-mi-11t-pro-5g-128gb-meteorite-gray/72529/?shape=Nagyon%20j%C3%B3
2025-02-09_12,Samsung Galaxy S20,Cosmic Gray,128 GB,Újszerű,2 év,95990,https://www.rejoy.hu/hu/shop/samsung/mobiltelefon-samsung-galaxy-s20-128gb-cosmic-gray/980/?shape=%C3%9Ajszer%C5%B1
2025-02-09_12,Samsung Galaxy S20 5G,Cosmic Gray,128 GB,Kiváló,2 év,95990,https://www.rejoy.hu/hu/shop/samsung/mobiltelefon-samsung-galaxy-s20-5g-128gb-cosmic-gray/1022/?shape=Kiv%C3%A1l%C3%B3
2025-02-09_12,Huawei P40 Dual Sim,Silver Frost,128 GB,Újszerű,2 év,95990,https://www.rejoy.hu/hu/shop/huawei/mobiltelefon-huawei-p40-dual-sim-128gb-silver-frost/1580/?shape=%C3%9Ajszer%C5%B1
2025-02-09_12,Huawei P40 Dual Sim,Black,128 GB,Újszerű,2 év,95990,https://www.rejoy.hu/hu/shop/huawei/mobiltelefon-huawei-p40-dual-sim-128gb-black/1584/?shape=%C3%9Ajszer%C5%B1
2025-02-09_12,Samsung Galaxy S20,Cloud Blue,128 GB,Újszerű,2 év,95990,https://www.rejoy.hu/hu/shop/samsung/mobiltelefon-samsung-galaxy-s20-128gb-cloud-blue/977/?shape=%C3%9Ajszer%C5%B1
2025-02-09_12,Samsung Galaxy S21 5G Dual Sim,Gray,128 GB,Kiváló,2 év,93990,https://www.rejoy.hu/hu/shop/samsung/mobiltelefon-samsung-galaxy-s21-5g-dual-sim-128gb-gray/1146/?shape=Kiv%C3%A1l%C3%B3
2025-02-09_12,Samsung Galaxy S21 5G Dual Sim,White,128 GB,Kiváló,2 év,93990,https://www.rejoy.hu/hu/shop/samsung/mobiltelefon-samsung-galaxy-s21-5g-dual-sim-128gb-white/1147/?shape=Kiv%C3%A1l%C3%B3
2025-02-09_12,Apple iPhone XS Max,Gold,64 GB,Újszerű,2 év,93990,https://www.rejoy.hu/hu/shop/apple/mobiltelefon-apple-iphone-xs-max-64gb-gold/166/?shape=%C3%9Ajszer%C5%B1
2025-02-09_12,Huawei Nova 10 Pro,Black,256 GB,Újszerű,2 év,93990,https://www.rejoy.hu/hu/shop/huawei/mobiltelefon-huawei-nova-10-pro-256gb-black/75268518/?shape=%C3%9Ajszer%C5%B1
2025-02-09_12,Huawei Nova 10 Pro,Silver,256 GB,Újszerű,2 év,93990,https://www.rejoy.hu/hu/shop/huawei/mobiltelefon-huawei-nova-10-pro-256gb-silver/75268520/?shape=%C3%9Ajszer%C5%B1
2025-02-09_12,Samsung Galaxy S21 FE 5G Dual Sim,Graphite,128 GB,Kiváló,2 év,91990,https://www.rejoy.hu/hu/shop/samsung/mobiltelefon-samsung-galaxy-s21-fe-5g-dual-sim-128gb-graphite/73327529/?shape=Kiv%C3%A1l%C3%B3
2025-02-09_12,Apple iPhone XS Max,Space Grey,64 GB,Kiváló,2 év,89990,https://www.rejoy.hu/hu/shop/apple/mobiltelefon-apple-iphone-xs-max-64gb-space-grey/164/?shape=Kiv%C3%A1l%C3%B3
2025-02-09_12,Apple iPhone XS Max,Silver,64 GB,Kiváló,2 év,89990,https://www.rejoy.hu/hu/shop/apple/mobiltelefon-apple-iphone-xs-max-64gb-silver/165/?shape=Kiv%C3%A1l%C3%B3
2025-02-09_12,Samsung Galaxy S20 Plus 5G,Cloud Blue,128 GB,Jó,2 év,88990,https://www.rejoy.hu/hu/shop/samsung/mobiltelefon-samsung-galaxy-s20-plus-5g-128gb-cloud-blue/1026/?shape=J%C3%B3
2025-02-09_12,Apple iPhone XR,Black,128 GB,Újszerű,2 év,87990,https://www.rejoy.hu/hu/shop/apple/mobiltelefon-apple-iphone-xr-128gb-black/143/?shape=%C3%9Ajszer%C5%B1
2025-02-09_12,Apple iPhone XR,White,128 GB,Újszerű,2 év,87990,https://www.rejoy.hu/hu/shop/apple/mobiltelefon-apple-iphone-xr-128gb-white/144/?shape=%C3%9Ajszer%C5%B1
2025-02-09_12,Samsung Galaxy XCover Pro Dual Sim,Black,64 GB,Újszerű,2 év,87990,https://www.rejoy.hu/hu/shop/samsung/mobiltelefon-samsung-galaxy-xcover-pro-dual-sim-64gb-black/73311236/?shape=%C3%9Ajszer%C5%B1
2025-02-09_12,Apple iPhone XR,Coral,128 GB,Újszerű,2 év,87990,https://www.rejoy.hu/hu/shop/apple/mobiltelefon-apple-iphone-xr-128gb-coral/147/?shape=%C3%9Ajszer%C5%B1
2025-02-09_12,Apple iPhone XR,Red,128 GB,Újszerű,2 év,87990,https://www.rejoy.hu/hu/shop/apple/mobiltelefon-apple-iphone-xr-128gb-red/148/?shape=%C3%9Ajszer%C5%B1
2025-02-09_12,Xiaomi Poco F3 5G,Deep Ocean Blue,256 GB,Újszerű,2 év,87990,https://www.rejoy.hu/hu/shop/xiaomi/mobiltelefon-xiaomi-poco-f3-5g-256gb-deep-ocean-blue/72650/?shape=%C3%9Ajszer%C5%B1
2025-02-09_12,Xiaomi Redmi Note 12 Pro Plus 5G,Obsidian Black,256 GB,Újszerű,2 év,87990,https://www.rejoy.hu/hu/shop/xiaomi/mobiltelefon-xiaomi-redmi-note-12-pro-plus-5g-256gb-obsidian-black/75268073/?shape=%C3%9Ajszer%C5%B1
2025-02-09_12,Apple iPhone XS,Space Grey,64 GB,Újszerű,2 év,85990,https://www.rejoy.hu/hu/shop/apple/mobiltelefon-apple-iphone-xs-64gb-space-grey/155/?shape=%C3%9Ajszer%C5%B1
2025-02-09_12,Xiaomi Poco F3 5G,Night Black,256 GB,Nagyon jó,2 év,84990,https://www.rejoy.hu/hu/shop/xiaomi/mobiltelefon-xiaomi-poco-f3-5g-256gb-night-black/72649/?shape=Nagyon%20j%C3%B3
2025-02-09_12,Huawei P40,Black,128 GB,Nagyon jó,2 év,84990,https://www.rejoy.hu/hu/shop/huawei/mobiltelefon-huawei-p40-128gb-black/1574/?shape=Nagyon%20j%C3%B3
2025-02-09_12,Xiaomi Poco F3 5G,Arctic White,256 GB,Nagyon jó,2 év,84990,https://www.rejoy.hu/hu/shop/xiaomi/mobiltelefon-xiaomi-poco-f3-5g-256gb-arctic-white/72648/?shape=Nagyon%20j%C3%B3
2025-02-09_12,Apple iPhone XR,Yellow,128 GB,Kiváló,2 év,83990,https://www.rejoy.hu/hu/shop/apple/mobiltelefon-apple-iphone-xr-128gb-yellow/146/?shape=Kiv%C3%A1l%C3%B3
2025-02-09_12,Apple iPhone XS,Silver,64 GB,Kiváló,2 év,83990,https://www.rejoy.hu/hu/shop/apple/mobiltelefon-apple-iphone-xs-64gb-silver/156/?shape=Kiv%C3%A1l%C3%B3
2025-02-09_12,Apple iPhone XS,Gold,64 GB,Kiváló,2 év,83990,https://www.rejoy.hu/hu/shop/apple/mobiltelefon-apple-iphone-xs-64gb-gold/157/?shape=Kiv%C3%A1l%C3%B3
2025-02-09_12,Samsung Galaxy A53 5G Dual Sim,Awesome Peach,256 GB,Nagyon jó,2 év,82990,https://www.rejoy.hu/hu/shop/samsung/mobiltelefon-samsung-galaxy-a53-5g-dual-sim-256gb-awesome-peach/182818/?shape=Nagyon%20j%C3%B3
2025-02-09_12,Xiaomi Redmi Note 12 Pro 5G,Midnight Black,256 GB,Nagyon jó,2 év,82990,https://www.rejoy.hu/hu/shop/xiaomi/mobiltelefon-xiaomi-redmi-note-12-pro-5g-256gb-midnight-black/75268068/?shape=Nagyon%20j%C3%B3
2025-02-09_12,Samsung Galaxy A54 5G,Awesome Graphite,128 GB,Kiváló,2 év,81990,https://www.rejoy.hu/hu/shop/samsung/mobiltelefon-samsung-galaxy-a54-5g-128gb-awesome-graphite/75267627/?shape=Kiv%C3%A1l%C3%B3
2025-02-09_12,Apple iPhone XR,Blue,128 GB,Nagyon jó,2 év,80990,https://www.rejoy.hu/hu/shop/apple/mobiltelefon-apple-iphone-xr-128gb-blue/145/?shape=Nagyon%20j%C3%B3
2025-02-09_12,Apple iPhone 11,White,64 GB,Kiváló,2 év,96990,https://www.rejoy.hu/hu/shop/apple/mobiltelefon-apple-iphone-11-64gb-white/936/?shape=Kiv%C3%A1l%C3%B3
2025-02-09_12,Xiaomi Mi 11T Pro 5G,Meteorite Gray,128 GB,Nagyon jó,2 év,95990,https://www.rejoy.hu/hu/shop/xiaomi/mobiltelefon-xiaomi-mi-11t-pro-5g-128gb-meteorite-gray/72529/?shape=Nagyon%20j%C3%B3
2025-02-09_12,Samsung Galaxy S20,Cosmic Gray,128 GB,Újszerű,2 év,95990,https://www.rejoy.hu/hu/shop/samsung/mobiltelefon-samsung-galaxy-s20-128gb-cosmic-gray/980/?shape=%C3%9Ajszer%C5%B1
2025-02-09_12,Samsung Galaxy S20 5G,Cosmic Gray,128 GB,Kiváló,2 év,95990,https://www.rejoy.hu/hu/shop/samsung/mobiltelefon-samsung-galaxy-s20-5g-128gb-cosmic-gray/1022/?shape=Kiv%C3%A1l%C3%B3
2025-02-09_12,Samsung Galaxy XCover Pro,Black,64 GB,Újszerű,2 év,79990,https://www.rejoy.hu/hu/shop/samsung/mobiltelefon-samsung-galaxy-xcover-pro-64gb-black/73306579/?shape=%C3%9Ajszer%C5%B1
2025-02-09_12,Xiaomi Poco F3 5G,Deep Ocean Blue,128 GB,Nagyon jó,2 év,79990,https://www.rejoy.hu/hu/shop/xiaomi/mobiltelefon-xiaomi-poco-f3-5g-128gb-deep-ocean-blue/72646/?shape=Nagyon%20j%C3%B3
2025-02-09_12,Samsung Galaxy A54 5G,Awesome Lime,128 GB,Nagyon jó,2 év,79990,https://www.rejoy.hu/hu/shop/samsung/mobiltelefon-samsung-galaxy-a54-5g-128gb-awesome-lime/75267629/?shape=Nagyon%20j%C3%B3
2025-02-09_12,Huawei Nova Y91 Dual Sim,Starry Black,128 GB,Újszerű,2 év,79990,https://www.rejoy.hu/hu/shop/huawei/mobiltelefon-huawei-nova-y91-dual-sim-128gb-starry-black/75268553/?shape=%C3%9Ajszer%C5%B1
2025-02-09_12,Huawei Nova Y91 Dual Sim,Moonlight Silver,128 GB,Újszerű,2 év,79990,https://www.rejoy.hu/hu/shop/huawei/mobiltelefon-huawei-nova-y91-dual-sim-128gb-moonlight-silver/75268555/?shape=%C3%9Ajszer%C5%B1
2025-02-09_12,Samsung Galaxy S20 FE Dual Sim,Cloud Navy,128 GB,Újszerű,2 év,78990,https://www.rejoy.hu/hu/shop/samsung/mobiltelefon-samsung-galaxy-s20-fe-dual-sim-128gb-cloud-navy/1394/?shape=%C3%9Ajszer%C5%B1
2025-02-09_12,Samsung Galaxy A72 Dual Sim,Black,128 GB,Újszerű,2 év,77990,https://www.rejoy.hu/hu/shop/samsung/mobiltelefon-samsung-galaxy-a72-dual-sim-128gb-black/1468/?shape=%C3%9Ajszer%C5%B1
2025-02-09_12,Samsung Galaxy S20 FE 5G Dual Sim,Cloud Mint,128 GB,Újszerű,2 év,76990,https://www.rejoy.hu/hu/shop/samsung/mobiltelefon-samsung-galaxy-s20-fe-5g-dual-sim-128gb-cloud-mint/1417/?shape=%C3%9Ajszer%C5%B1
2025-02-09_12,Samsung Galaxy S20 FE 5G Dual Sim,Cloud Navy,128 GB,Újszerű,2 év,76990,https://www.rejoy.hu/hu/shop/samsung/mobiltelefon-samsung-galaxy-s20-fe-5g-dual-sim-128gb-cloud-navy/1418/?shape=%C3%9Ajszer%C5%B1
2025-02-09_12,Samsung Galaxy A53 5G Dual Sim,Awesome Black,128 GB,Újszerű,2 év,75990,https://www.rejoy.hu/hu/shop/samsung/mobiltelefon-samsung-galaxy-a53-5g-dual-sim-128gb-awesome-black/182812/?shape=%C3%9Ajszer%C5%B1
2025-02-09_12,Apple iPhone X,Space Grey,64 GB,Újszerű,2 év,75990,https://www.rejoy.hu/hu/shop/apple/mobiltelefon-apple-iphone-x-64gb-space-grey/133/?shape=%C3%9Ajszer%C5%B1
2025-02-09_12,Huawei Nova 10 Dual Sim,Black,128 GB,Újszerű,2 év,75990,https://www.rejoy.hu/hu/shop/huawei/mobiltelefon-huawei-nova-10-dual-sim-128gb-black/75268513/?shape=%C3%9Ajszer%C5%B1
2025-02-09_12,Apple iPhone SE 2020,White,128 GB,Újszerű,2 év,74990,https://www.rejoy.hu/hu/shop/apple/mobiltelefon-apple-iphone-se-2020-128gb-white/1001/?shape=%C3%9Ajszer%C5%B1
2025-02-09_12,Apple iPhone SE 2020,Red,128 GB,Újszerű,2 év,74990,https://www.rejoy.hu/hu/shop/apple/mobiltelefon-apple-iphone-se-2020-128gb-red/1002/?shape=%C3%9Ajszer%C5%B1
2025-02-09_12,Apple iPhone 8,Space Grey,256 GB,Újszerű,2 év,74990,https://www.rejoy.hu/hu/shop/apple/mobiltelefon-apple-iphone-8-256gb-space-grey/121/?shape=%C3%9Ajszer%C5%B1
2025-02-09_12,Samsung Galaxy A53 5G Dual Sim,Awesome Blue,128 GB,Kiváló,2 év,73990,https://www.rejoy.hu/hu/shop/samsung/mobiltelefon-samsung-galaxy-a53-5g-dual-sim-128gb-awesome-blue/182811/?shape=Kiv%C3%A1l%C3%B3
2025-02-09_12,Samsung Galaxy A53 5G Dual Sim,Awesome White,128 GB,Kiváló,2 év,73990,https://www.rejoy.hu/hu/shop/samsung/mobiltelefon-samsung-galaxy-a53-5g-dual-sim-128gb-awesome-white/182813/?shape=Kiv%C3%A1l%C3%B3
2025-02-09_12,Samsung Galaxy S10 Plus Dual Sim,Prism White,128 GB,Nagyon jó,2 év,73990,https://www.rejoy.hu/hu/shop/samsung/mobiltelefon-samsung-galaxy-s10-plus-dual-sim-128gb-prism-white/373/?shape=Nagyon%20j%C3%B3
2025-02-09_12,Huawei Nova 10 Dual Sim,Silver,128 GB,Kiváló,2 év,73990,https://www.rejoy.hu/hu/shop/huawei/mobiltelefon-huawei-nova-10-dual-sim-128gb-silver/75268515/?shape=Kiv%C3%A1l%C3%B3
2025-02-09_12,Samsung Galaxy A52S 5G Dual Sim,Awesome Black,128 GB,Újszerű,2 év,71990,https://www.rejoy.hu/hu/shop/samsung/mobiltelefon-samsung-galaxy-a52s-5g-dual-sim-128gb-awesome-black/73283309/?shape=%C3%9Ajszer%C5%B1
2025-02-09_12,Apple iPhone 8 Plus,Silver,256 GB,Nagyon jó,2 év,71990,https://www.rejoy.hu/hu/shop/apple/mobiltelefon-apple-iphone-8-plus-256gb-silver/130/?shape=Nagyon%20j%C3%B3
2025-02-09_12,Apple iPhone X,Silver,64 GB,Kiváló,2 év,71990,https://www.rejoy.hu/hu/shop/apple/mobiltelefon-apple-iphone-x-64gb-silver/134/?shape=Kiv%C3%A1l%C3%B3
2025-02-09_12,Samsung Galaxy A53 5G Dual Sim,Awesome Peach,128 GB,Nagyon jó,2 év,71990,https://www.rejoy.hu/hu/shop/samsung/mobiltelefon-samsung-galaxy-a53-5g-dual-sim-128gb-awesome-peach/182814/?shape=Nagyon%20j%C3%B3
2025-02-09_12,Apple iPhone XR,Black,64 GB,Újszerű,2 év,70990,https://www.rejoy.hu/hu/shop/apple/mobiltelefon-apple-iphone-xr-64gb-black/137/?shape=%C3%9Ajszer%C5%B1
2025-02-09_12,Apple iPhone XR,White,64 GB,Újszerű,2 év,70990,https://www.rejoy.hu/hu/shop/apple/mobiltelefon-apple-iphone-xr-64gb-white/138/?shape=%C3%9Ajszer%C5%B1
2025-02-09_12,Apple iPhone XR,Blue,64 GB,Újszerű,2 év,70990,https://www.rejoy.hu/hu/shop/apple/mobiltelefon-apple-iphone-xr-64gb-blue/139/?shape=%C3%9Ajszer%C5%B1
2025-02-09_12,Apple iPhone XR,Red,64 GB,Újszerű,2 év,70990,https://www.rejoy.hu/hu/shop/apple/mobiltelefon-apple-iphone-xr-64gb-red/142/?shape=%C3%9Ajszer%C5%B1
2025-02-09_12,Samsung Galaxy A52S 5G Dual Sim,Awesome Mint,128 GB,Kiváló,2 év,69990,https://www.rejoy.hu/hu/shop/samsung/mobiltelefon-samsung-galaxy-a52s-5g-dual-sim-128gb-awesome-mint/73283315/?shape=Kiv%C3%A1l%C3%B3
2025-02-09_12,Samsung Galaxy A52 Dual Sim,Black,128 GB,Újszerű,2 év,69990,https://www.rejoy.hu/hu/shop/samsung/mobiltelefon-samsung-galaxy-a52-dual-sim-128gb-black/1436/?shape=%C3%9Ajszer%C5%B1
2025-02-09_12,Samsung Galaxy A72 Dual Sim,Blue,128 GB,Nagyon jó,2 év,69990,https://www.rejoy.hu/hu/shop/samsung/mobiltelefon-samsung-galaxy-a72-dual-sim-128gb-blue/1471/?shape=Nagyon%20j%C3%B3
2025-02-09_12,Xiaomi Mi 10T Pro 5G,Cosmic Black,128 GB,Nagyon jó,2 év,68990,https://www.rejoy.hu/hu/shop/xiaomi/mobiltelefon-xiaomi-mi-10t-pro-5g-128gb-cosmic-black/72492/?shape=Nagyon%20j%C3%B3
2025-02-09_12,Xiaomi Mi 10T Pro 5G,Lunar Silver,128 GB,Nagyon jó,2 év,68990,https://www.rejoy.hu/hu/shop/xiaomi/mobiltelefon-xiaomi-mi-10t-pro-5g-128gb-lunar-silver/72493/?shape=Nagyon%20j%C3%B3
2025-02-09_12,Samsung Galaxy S20 FE 5G Dual Sim,Cloud Orange,128 GB,Nagyon jó,2 év,68990,https://www.rejoy.hu/hu/shop/samsung/mobiltelefon-samsung-galaxy-s20-fe-5g-dual-sim-128gb-cloud-orange/1421/?shape=Nagyon%20j%C3%B3
2025-02-09_12,Apple iPhone XR,Yellow,64 GB,Kiváló,2 év,67990,https://www.rejoy.hu/hu/shop/apple/mobiltelefon-apple-iphone-xr-64gb-yellow/140/?shape=Kiv%C3%A1l%C3%B3
2025-02-09_12,Samsung Galaxy XCover Pro,Black,64 GB,Újszerű,2 év,79990,https://www.rejoy.hu/hu/shop/samsung/mobiltelefon-samsung-galaxy-xcover-pro-64gb-black/73306579/?shape=%C3%9Ajszer%C5%B1
2025-02-09_12,Xiaomi Poco F3 5G,Deep Ocean Blue,128 GB,Nagyon jó,2 év,79990,https://www.rejoy.hu/hu/shop/xiaomi/mobiltelefon-xiaomi-poco-f3-5g-128gb-deep-ocean-blue/72646/?shape=Nagyon%20j%C3%B3
2025-02-09_12,Samsung Galaxy A54 5G,Awesome Lime,128 GB,Nagyon jó,2 év,79990,https://www.rejoy.hu/hu/shop/samsung/mobiltelefon-samsung-galaxy-a54-5g-128gb-awesome-lime/75267629/?shape=Nagyon%20j%C3%B3
2025-02-09_12,Huawei Nova Y91 Dual Sim,Starry Black,128 GB,Újszerű,2 év,79990,https://www.rejoy.hu/hu/shop/huawei/mobiltelefon-huawei-nova-y91-dual-sim-128gb-starry-black/75268553/?shape=%C3%9Ajszer%C5%B1
2025-02-09_12,Apple iPhone XR,Coral,64 GB,Kiváló,2 év,67990,https://www.rejoy.hu/hu/shop/apple/mobiltelefon-apple-iphone-xr-64gb-coral/141/?shape=Kiv%C3%A1l%C3%B3
2025-02-09_12,Huawei Mate 20 Pro Dual Sim,Midnight Blue,128 GB,Nagyon jó,2 év,66990,https://www.rejoy.hu/hu/shop/huawei/mobiltelefon-huawei-mate-20-pro-dual-sim-128gb-midnight-blue/657/?shape=Nagyon%20j%C3%B3
2025-02-09_12,Apple iPhone SE 2020,Black,128 GB,Kiváló,2 év,66990,https://www.rejoy.hu/hu/shop/apple/mobiltelefon-apple-iphone-se-2020-128gb-black/1003/?shape=Kiv%C3%A1l%C3%B3
2025-02-09_12,Apple iPhone 8,Silver,256 GB,Nagyon jó,2 év,63990,https://www.rejoy.hu/hu/shop/apple/mobiltelefon-apple-iphone-8-256gb-silver/122/?shape=Nagyon%20j%C3%B3
2025-02-09_12,Apple iPhone 8 Plus,Space Grey,64 GB,Újszerű,2 év,63990,https://www.rejoy.hu/hu/shop/apple/mobiltelefon-apple-iphone-8-plus-64gb-space-grey/125/?shape=%C3%9Ajszer%C5%B1
2025-02-09_12,Apple iPhone 8 Plus,Gold,64 GB,Újszerű,2 év,63990,https://www.rejoy.hu/hu/shop/apple/mobiltelefon-apple-iphone-8-plus-64gb-gold/127/?shape=%C3%9Ajszer%C5%B1
2025-02-09_12,Xiaomi Mi 10T 5G,Lunar Silver,128 GB,Nagyon jó,2 év,62990,https://www.rejoy.hu/hu/shop/xiaomi/mobiltelefon-xiaomi-mi-10t-5g-128gb-lunar-silver/72485/?shape=Nagyon%20j%C3%B3
2025-02-09_12,Samsung Galaxy A52 Dual Sim,Blue,128 GB,Nagyon jó,2 év,62990,https://www.rejoy.hu/hu/shop/samsung/mobiltelefon-samsung-galaxy-a52-dual-sim-128gb-blue/1439/?shape=Nagyon%20j%C3%B3
2025-02-09_12,Huawei Mate 20,Midnight Blue,128 GB,Nagyon jó,2 év,61990,https://www.rejoy.hu/hu/shop/huawei/mobiltelefon-huawei-mate-20-128gb-midnight-blue/644/?shape=Nagyon%20j%C3%B3
2025-02-09_12,Samsung Galaxy XCover 5 Dual Sim,Black,64 GB,Nagyon jó,2 év,60990,https://www.rejoy.hu/hu/shop/samsung/mobiltelefon-samsung-galaxy-xcover-5-dual-sim-64gb-black/73292622/?shape=Nagyon%20j%C3%B3
2025-02-09_12,Xiaomi Mi 10T Lite 5G,Pearl Gray,128 GB,Újszerű,2 év,59990,https://www.rejoy.hu/hu/shop/xiaomi/mobiltelefon-xiaomi-mi-10t-lite-5g-128gb-pearl-gray/72490/?shape=%C3%9Ajszer%C5%B1
2025-02-09_12,Apple iPhone 7,Jet Black,256 GB,Kiváló,2 év,59990,https://www.rejoy.hu/hu/shop/apple/mobiltelefon-apple-iphone-7-256gb-jet-black/92/?shape=Kiv%C3%A1l%C3%B3
2025-02-09_12,Apple iPhone 7,Rose Gold,256 GB,Kiváló,2 év,59990,https://www.rejoy.hu/hu/shop/apple/mobiltelefon-apple-iphone-7-256gb-rose-gold/97/?shape=Kiv%C3%A1l%C3%B3
2025-02-09_12,Apple iPhone 8 Plus,Silver,64 GB,Kiváló,2 év,59990,https://www.rejoy.hu/hu/shop/apple/mobiltelefon-apple-iphone-8-plus-64gb-silver/126/?shape=Kiv%C3%A1l%C3%B3
2025-02-09_12,Huawei Mate 10 Pro Dual Sim,Midnight Blue,128 GB,Kiváló,2 év,58990,https://www.rejoy.hu/hu/shop/huawei/mobiltelefon-huawei-mate-10-pro-dual-sim-128gb-midnight-blue/634/?shape=Kiv%C3%A1l%C3%B3
2025-02-09_12,Samsung Galaxy A33 5G Dual Sim,Awesome Black,128 GB,Nagyon jó,2 év,57990,https://www.rejoy.hu/hu/shop/samsung/mobiltelefon-samsung-galaxy-a33-5g-dual-sim-128gb-awesome-black/73134413/?shape=Nagyon%20j%C3%B3
2025-02-09_12,Xiaomi Mi 10T Lite 5G,Atlantic Blue,64 GB,Kiváló,2 év,57990,https://www.rejoy.hu/hu/shop/xiaomi/mobiltelefon-xiaomi-mi-10t-lite-5g-64gb-atlantic-blue/72486/?shape=Kiv%C3%A1l%C3%B3
2025-02-09_12,Samsung Galaxy A33 5G Dual Sim,Awesome Blue,128 GB,Jó,2 év,55990,https://www.rejoy.hu/hu/shop/samsung/mobiltelefon-samsung-galaxy-a33-5g-dual-sim-128gb-awesome-blue/73134417/?shape=J%C3%B3
2025-02-09_12,Apple iPhone 7,Black,256 GB,Nagyon jó,2 év,55990,https://www.rejoy.hu/hu/shop/apple/mobiltelefon-apple-iphone-7-256gb-black/87/?shape=Nagyon%20j%C3%B3
2025-02-09_12,Huawei P20 Pro Dual Sim,Twilight,128 GB,Újszerű,2 év,55990,https://www.rejoy.hu/hu/shop/huawei/mobiltelefon-huawei-p20-pro-dual-sim-128gb-twilight/802/?shape=%C3%9Ajszer%C5%B1
2025-02-09_12,Huawei Nova 9 SE,Crystal Blue,128 GB,Újszerű,2 év,55990,https://www.rejoy.hu/hu/shop/huawei/mobiltelefon-huawei-nova-9-se-128gb-crystal-blue/75268474/?shape=%C3%9Ajszer%C5%B1
2025-02-09_12,Apple iPhone SE 2020,White,64 GB,Újszerű,2 év,54990,https://www.rejoy.hu/hu/shop/apple/mobiltelefon-apple-iphone-se-2020-64gb-white/998/?shape=%C3%9Ajszer%C5%B1
2025-02-09_12,Apple iPhone SE 2020,Red,64 GB,Újszerű,2 év,54990,https://www.rejoy.hu/hu/shop/apple/mobiltelefon-apple-iphone-se-2020-64gb-red/999/?shape=%C3%9Ajszer%C5%B1
2025-02-09_12,Apple iPhone SE 2020,Black,64 GB,Újszerű,2 év,54990,https://www.rejoy.hu/hu/shop/apple/mobiltelefon-apple-iphone-se-2020-64gb-black/1000/?shape=%C3%9Ajszer%C5%B1
2025-02-09_12,Samsung Galaxy A22 5G Dual Sim,Violet,128 GB,Újszerű,2 év,53990,https://www.rejoy.hu/hu/shop/samsung/mobiltelefon-samsung-galaxy-a22-5g-dual-sim-128gb-violet/73087870/?shape=%C3%9Ajszer%C5%B1
2025-02-09_12,Huawei Nova 9 SE,Midnight Black,128 GB,Nagyon jó,2 év,52990,https://www.rejoy.hu/hu/shop/huawei/mobiltelefon-huawei-nova-9-se-128gb-midnight-black/75268477/?shape=Nagyon%20j%C3%B3
2025-02-09_12,Huawei Nova 9 SE,Pearl White,128 GB,Nagyon jó,2 év,52990,https://www.rejoy.hu/hu/shop/huawei/mobiltelefon-huawei-nova-9-se-128gb-pearl-white/75268480/?shape=Nagyon%20j%C3%B3
2025-02-09_12,Apple iPhone 7,Black,128 GB,Újszerű,2 év,51990,https://www.rejoy.hu/hu/shop/apple/mobiltelefon-apple-iphone-7-128gb-black/86/?shape=%C3%9Ajszer%C5%B1
2025-02-09_12,Apple iPhone 7,Gold,128 GB,Újszerű,2 év,51990,https://www.rejoy.hu/hu/shop/apple/mobiltelefon-apple-iphone-7-128gb-gold/89/?shape=%C3%9Ajszer%C5%B1
2025-02-09_12,Apple iPhone 7 Plus,Red,32 GB,Újszerű,2 év,51990,https://www.rejoy.hu/hu/shop/apple/mobiltelefon-apple-iphone-7-plus-32gb-red/913/?shape=%C3%9Ajszer%C5%B1
2025-02-09_12,Apple iPhone 7 Plus,Black,32 GB,Újszerű,2 év,51990,https://www.rejoy.hu/hu/shop/apple/mobiltelefon-apple-iphone-7-plus-32gb-black/101/?shape=%C3%9Ajszer%C5%B1
2025-02-09_12,Apple iPhone 8,Space Grey,64 GB,Újszerű,2 év,50990,https://www.rejoy.hu/hu/shop/apple/mobiltelefon-apple-iphone-8-64gb-space-grey/117/?shape=%C3%9Ajszer%C5%B1
2025-02-09_12,Apple iPhone 8,Silver,64 GB,Újszerű,2 év,50990,https://www.rejoy.hu/hu/shop/apple/mobiltelefon-apple-iphone-8-64gb-silver/118/?shape=%C3%9Ajszer%C5%B1
2025-02-09_12,Apple iPhone 8,Gold,64 GB,Újszerű,2 év,50990,https://www.rejoy.hu/hu/shop/apple/mobiltelefon-apple-iphone-8-64gb-gold/119/?shape=%C3%9Ajszer%C5%B1
2025-02-09_12,Apple iPhone XR,Coral,64 GB,Kiváló,2 év,67990,https://www.rejoy.hu/hu/shop/apple/mobiltelefon-apple-iphone-xr-64gb-coral/141/?shape=Kiv%C3%A1l%C3%B3
2025-02-09_12,Huawei Mate 20 Pro Dual Sim,Midnight Blue,128 GB,Nagyon jó,2 év,66990,https://www.rejoy.hu/hu/shop/huawei/mobiltelefon-huawei-mate-20-pro-dual-sim-128gb-midnight-blue/657/?shape=Nagyon%20j%C3%B3
2025-02-09_12,Apple iPhone SE 2020,Black,128 GB,Kiváló,2 év,66990,https://www.rejoy.hu/hu/shop/apple/mobiltelefon-apple-iphone-se-2020-128gb-black/1003/?shape=Kiv%C3%A1l%C3%B3
2025-02-09_12,Apple iPhone 8,Silver,256 GB,Nagyon jó,2 év,63990,https://www.rejoy.hu/hu/shop/apple/mobiltelefon-apple-iphone-8-256gb-silver/122/?shape=Nagyon%20j%C3%B3
2025-02-09_12,Apple iPhone 7,Red,128 GB,Kiváló,2 év,49990,https://www.rejoy.hu/hu/shop/apple/mobiltelefon-apple-iphone-7-128gb-red/93/?shape=Kiv%C3%A1l%C3%B3
2025-02-09_12,Apple iPhone 7,Rose Gold,128 GB,Kiváló,2 év,49990,https://www.rejoy.hu/hu/shop/apple/mobiltelefon-apple-iphone-7-128gb-rose-gold/96/?shape=Kiv%C3%A1l%C3%B3
2025-02-09_12,Apple iPhone 7,Silver,128 GB,Kiváló,2 év,49990,https://www.rejoy.hu/hu/shop/apple/mobiltelefon-apple-iphone-7-128gb-silver/99/?shape=Kiv%C3%A1l%C3%B3
2025-02-09_12,Xiaomi Redmi Note 9 Pro,Tropical Green,128 GB,Kiváló,2 év,48990,https://www.rejoy.hu/hu/shop/xiaomi/mobiltelefon-xiaomi-redmi-note-9-pro-128gb-tropical-green/72732/?shape=Kiv%C3%A1l%C3%B3
2025-02-09_12,Apple iPhone 7 Plus,Silver,32 GB,Kiváló,2 év,47990,https://www.rejoy.hu/hu/shop/apple/mobiltelefon-apple-iphone-7-plus-32gb-silver/114/?shape=Kiv%C3%A1l%C3%B3
2025-02-09_12,Apple iPhone 7 Plus,Gold,32 GB,Kiváló,2 év,47990,https://www.rejoy.hu/hu/shop/apple/mobiltelefon-apple-iphone-7-plus-32gb-gold/104/?shape=Kiv%C3%A1l%C3%B3
2025-02-09_12,Xiaomi Redmi Note 9 Pro,Glacier White,128 GB,Nagyon jó,2 év,47990,https://www.rejoy.hu/hu/shop/xiaomi/mobiltelefon-xiaomi-redmi-note-9-pro-128gb-glacier-white/72733/?shape=Nagyon%20j%C3%B3
2025-02-09_12,Samsung Galaxy A51 Dual Sim,Black,128 GB,Nagyon jó,2 év,45990,https://www.rejoy.hu/hu/shop/samsung/mobiltelefon-samsung-galaxy-a51-dual-sim-128gb-black/1047/?shape=Nagyon%20j%C3%B3
2025-02-09_12,Apple iPhone 7 Plus,Rose Gold,32 GB,Nagyon jó,2 év,43990,https://www.rejoy.hu/hu/shop/apple/mobiltelefon-apple-iphone-7-plus-32gb-rose-gold/111/?shape=Nagyon%20j%C3%B3
2025-02-09_12,Xiaomi Redmi Note 9 Pro,Interstellar Gray,64 GB,Jó,2 év,42990,https://www.rejoy.hu/hu/shop/xiaomi/mobiltelefon-xiaomi-redmi-note-9-pro-64gb-interstellar-gray/72731/?shape=J%C3%B3
2025-02-09_12,Xiaomi Redmi Note 9 Pro,Tropical Green,64 GB,Jó,2 év,42990,https://www.rejoy.hu/hu/shop/xiaomi/mobiltelefon-xiaomi-redmi-note-9-pro-64gb-tropical-green/72729/?shape=J%C3%B3
2025-02-09_12,Samsung Galaxy A13 Dual Sim,Black,64 GB,Nagyon jó,2 év,41990,https://www.rejoy.hu/hu/shop/samsung/mobiltelefon-samsung-galaxy-a13-dual-sim-64gb-black/73118120/?shape=Nagyon%20j%C3%B3
2025-02-09_12,Huawei Mate 20 Lite Dual Sim,Black,64 GB,Nagyon jó,2 év,41990,https://www.rejoy.hu/hu/shop/huawei/mobiltelefon-huawei-mate-20-lite-dual-sim-64gb-black/668/?shape=Nagyon%20j%C3%B3
2025-02-09_12,Apple iPhone 7,Black,32 GB,Újszerű,2 év,37990,https://www.rejoy.hu/hu/shop/apple/mobiltelefon-apple-iphone-7-32gb-black/85/?shape=%C3%9Ajszer%C5%B1
2025-02-09_12,Apple iPhone 7,Gold,32 GB,Újszerű,2 év,37990,https://www.rejoy.hu/hu/shop/apple/mobiltelefon-apple-iphone-7-32gb-gold/88/?shape=%C3%9Ajszer%C5%B1
2025-02-09_12,Apple iPhone 7,Silver,32 GB,Újszerű,2 év,37990,https://www.rejoy.hu/hu/shop/apple/mobiltelefon-apple-iphone-7-32gb-silver/98/?shape=%C3%9Ajszer%C5%B1
2025-02-09_12,Apple iPhone 7,Red,128 GB,Kiváló,2 év,49990,https://www.rejoy.hu/hu/shop/apple/mobiltelefon-apple-iphone-7-128gb-red/93/?shape=Kiv%C3%A1l%C3%B3
2025-02-09_12,Apple iPhone 7,Rose Gold,128 GB,Kiváló,2 év,49990,https://www.rejoy.hu/hu/shop/apple/mobiltelefon-apple-iphone-7-128gb-rose-gold/96/?shape=Kiv%C3%A1l%C3%B3
2025-02-09_12,Apple iPhone 7,Silver,128 GB,Kiváló,2 év,49990,https://www.rejoy.hu/hu/shop/apple/mobiltelefon-apple-iphone-7-128gb-silver/99/?shape=Kiv%C3%A1l%C3%B3
2025-02-09_12,Xiaomi Redmi Note 9 Pro,Tropical Green,128 GB,Kiváló,2 év,48990,https://www.rejoy.hu/hu/shop/xiaomi/mobiltelefon-xiaomi-redmi-note-9-pro-128gb-tropical-green/72732/?shape=Kiv%C3%A1l%C3%B3
